2020-06-25,미디어오늘,"KBS, 시청자위원 공모 ""다양한 계층 목소리 반영되도록""","KBS 방송에 의견 제시하고 감시하는 제30기 시청자위원 공모[미디어오늘 정민경 기자]KBS가 제30기 시청자위원을 공개모집한다. KBS 시청자위원회는 방송법에 의거해 시청자 권익보호를 목적으로 설치된 기구다. 시청자를 대표해 방송에 대한 의견을 제시하고 감시하는 역할을 한다. 시청자위원이 되면 △편성과 프로그램 내용, 자체 심의규정에 관한 의견제시 또는 시정요구 △시청자 평가원 선임 △시청자 참여프로그램 운영에 관한 사항 △기타 시청자 권익보호와 침해구제에 관한 업무를 하게 된다. 시청자위원은 방송통신위원회가 정한 12개 분야 단체 추천을 받아 위촉된다. 매월 세 번째 목요일 오후에 위원회가 개최된다. 제29기 KBS 시청자위원은 권오주 학부모 정보감시단 정책위원장, 최준호 환경운동연합 사무총장, 임윤옥 한국여성노동자회 자문위원, 이서정 인터넷 언론위원회 위원장, 심재웅 숙명여대 미디어학부 교수, 정민영 변호사, 김예원 변호사, 진선미 노무사, 배상근 전국 경제인연합회 총괄전무, 이종임 문화연대 집행위원, 도승이 한국교육 심리학회 부회장, 전진한 알권리연구소장이다. ▲KBS.제30기 시청자위원 응모 기간은 6월29일부터 7월16일까지다. 8월14일 최종 선발 명단을 발표할 예정이다. 제30기 시청자위원 임기는 오는 9월1일부터 2022년 8월31일까지 2년이다. KBS는 우선 시민사회단체 추천을 받은 응모자들 대상으로 추천단체 및 지원자 자격요건을 검증한다. 선정위원회는 KBS 부사장이 위원장을 맡게 되며 편성본부장과 시청자센터장 TV, 보도, 라디오 편성위원회 책임자 3명, 실무자 대표 3명 등 모두 9명으로 구성된다. 이도경 시청자센터장은 ""10대와 20대 젊은 시청자층, 그리고 다문화가정의 시청자들처럼 보다 더 다양한 계층의 목소리가 KBS 프로그램에 반영되도록 올 4월 규정을 개정했다""고 설명했다. 이에따라 피선거권 결격사유가 없는 19세 이상 25세 미만의 국민, 그리고 국적 외에는 다른 피선거권 결격사유가 없는 19세 이상 대한민국 영주권자 외국인도 KBS 시청자위원에 응모할 수 있다. KBS는 ""성별균형을 고려해 성별 간 40% 이상씩 균형을 맞추도록 시청자위원을 선발할 방침""이라고 밝혔다.정민경 기자[네이버 메인에서 미디어오늘 구독하기][네이버 TV에서 미디어오늘 바로가기]<Copyright ⓒ 미디어오늘. 무단전재 및 재배포 금지>",https://news.naver.com/main/read.nhn?mode=LSD&mid=sec&sid1=102&oid=006&aid=0000103237,,,,,,,
2020-06-25,KBS,"KBS, 제30기 시청자위원 공개 모집","KBS가 제30기 시청자위원을 공개 모집합니다. 방송법 제87조, 방송법 시행에 관한 방송통신위원회 규칙 제24조, 그리고 KBS 시청자위원회 운영규정 제6조에 따라 시청자위원회 추천단체의 요건에 맞는 시민사회단체의 일원으로 자격제한의 사유가 없는 사람이면 누구나 응모할 수 있습니다. KBS는 특히 더 다양한 계층이 시청자위원회에 참여할 수 있도록 올해 4월 시청자위원회 운영규정을 개정했습니다. 이에 따라 종전과 달리 연령 미달 외에 다른 피선거권 결격사유가 없는 19세 이상 25세 미만의 국민, 그리고 국적 외에는 다른 피선거권 결격사유가 없는 19세 이상 대한민국 영주권자 외국인도 KBS 시청자위원에 응모할 수 있습니다. 이도경 KBS 시청자센터장은 ""10대와 20대 젊은 시청자층, 그리고 다문화가정의 시청자들처럼 보다 더 다양한 계층의 목소리가 KBS 프로그램에 반영되도록 규정을 개정했다""고 설명했습니다. 응모 기간은 6월 29일(월)부터 7월 16일(목)까지이며, 심사를 거쳐 오는 8월 14일(금) 최종 선발된 시청자위원 명단이 발표됩니다. 제30기 시청자위원의 수는 10~15명이며, 임기는 2020년 9월 1일부터 2022년 8월 31일까지 2년입니다. KBS는 공모접수 결과와 선정 결과 등을 누리집에 올려 선발과정을 투명하게 공개할 예정입니다.김석 기자 (stone21@kbs.co.kr)▶ ‘코로나19 팩트체크’ 제대로 알아야 이긴다▶ 우리 동네 무슨 일이? KBS지역뉴스▶ 더 빠르고 정확한 소식을 원하시면 KBS뉴스 구독!",https://news.naver.com/main/read.nhn?mode=LSD&mid=sec&sid1=103&oid=056&aid=0010858575,,,,,,,
2020-06-25,연합뉴스,[게시판] 제30기 KBS 시청자위원 공모,"KBS 여의도 사옥[KBS 제공. 재판매 및 DB 금지]    ▲ KBS가 오는 29일부터 다음 달 16일까지 제30기 시청자위원을 공개모집한다. KBS는 과거보다 다양한 계층의 시청자가 위원회에 참여할 수 있도록 운영규정을 개정, 19세 이상 25세 미만의 국민, 19세 이상 대한민국 영주권자 외국인도 응모할 수 있게 했다. 젊은 시청자층과 다문화가정 시청자 등의 목소리가 KBS 프로그램에 반영되게 하겠다는 취지다. 자세한 내용은 KBS 공식 홈페이지 참고. (서울=연합뉴스)▶코로나19 속보는 네이버 연합뉴스에서 [구독 클릭]▶[팩트체크] 한국은행이 5만원권 발행 중단?▶제보하기",https://news.naver.com/main/read.nhn?mode=LSD&mid=sec&sid1=102&oid=001&aid=0011702061,,,,,,,
2020-06-24,Joins.com,"1000억원대 적자 위기 KBS ""직원 1000명 감축하겠다""","KBS. 중앙포토           연 1000억원대 적자 위기에 놓인 KBS가 앞으로 3년동안 직원 1000명을 줄이겠다는 계획을 냈다. 24일 열린 KBS 비공개 이사회에 제출된 경영혁신안에 따르면 KBS는 2023년까지 직원 1000명을 감원하기로 했다. 2023년은 KBS가 1988년 서울 올림픽 때 채용한 900명이 퇴직하는 시기다. 여기에 100명을 더해 1000명의 인력을 감원하겠다는 계획이다. 하지만 100명에 대한 구체적인 감원 방안은 마련되지 않았다.      KBS가 이사회에 보고한 올해의 광고수입은 지난달까지 794억원. 당초 목표액보다 355억원이 적다. 이에 따라 KBS는 올해도 1000억원 대의 사업 손실을 보게 될 것으로 예상된다. 신종 코로나바이러스 감염증(코로나19)의 여파에 따라 손실은 더 늘어날 수 있다.      이날 이사회에서는 인력 감축 외에도 성과급제, 성과평가시스템 도입, 인력 재배치 등이 대책으로 제시됐다. 이처럼 고용과 관련된 대책은 노조와의 협상이 필요한 부분이다.        경영혁신안에는 방송법 개정, 수신료 정상화 추진 등도 세부 계획으로 명시됐다. 이밖에도 경비 감축과 같은 비용 절감, 광고 마케팅, 유휴자산 매각과 같은 수입 증대 방안도 함께 제시 됐다. KBS는 다음 달 초에 혁신안을 구체화할 것으로 보인다.      김호정 기자 wisehj@joongang.co.kr  ▶ 그래서, 팩트가 뭐야? 궁금하면 '팩플'▶ 세상 쉬운 내 돈 관리 '그게머니'▶ 그래픽으로 다 말해주마, 그래픽텔링ⓒ중앙일보(https://joongang.co.kr), 무단 전재 및 재배포 금지",https://news.naver.com/main/read.nhn?mode=LSD&mid=sec&sid1=103&oid=025&aid=0003012013,,,,,,,
2020-06-24,한경닷컴,"1000억 적자 KBS '경영 혁신'…직원 감축, 수신료 현실화","KBS 사옥 /한경DBKBS가 직원 감축과 수신료 현실화 등을 담은 '경영혁신안'을 만들었다.이 경영혁신안은 24일 비공개로 진행된 KBS 이사회에 제출된 것으로 알려졌다.KBS는 연 1000억원대 적자에 시달리는 중이다. 해당 혁신안에 따르면 KBS의 지난달까지의 광고 수입은 794억원이다. 기존 목표보다 355억원 적은 규모다. 또한 당기손익은 320억원, 사업손익은 360억원 적자라고도 명시됐다.해당 혁신안은 신종 코로나바이러스 감염증(코로나19)가 장기화될 경우 상황이 더욱 악화될 것이라고 전망했다. 올해 손실인 사업손실 1200억원, 당기손실 400억원까지 늘어날 수 있다는 것이다. 지난달 말까지 KBS의 올해 사업손실은 1000억원, 당기손실은 150억원 정도다.이같은 위기를 타파하기 위해 KBS가 만든 경영혁신안은 '직원 감축'과 '수신료 현실화'가 골자다. 중장기 대책으로 2023년까지 직원 1000명을 감원하겠다는 계획이 포함돼 있다. 1988년 서울올림픽 당시 대규모 채용했던 인원이 퇴직하는 자연 순감에 더해 연 100명씩 감원할 계획이다.KBS는 '수신료 현실화'도 대안으로 내세웠다. 공영방송 수신료는 지난 40년간 같은 가격으로 동결돼왔다. KBS는 수신료를 올려야 한다는 주장을 꾸준히 하고 있으며, 최근 박성제 MBC 사장도 이를 언급하기도 했다.이외에도 KBS 경영혁신안에는 단기적 계획으로 섭외성 경비 감축, 제작과 국외 여비 감축, 미니시리즈 라인업 재검토 등을 통한 비용 절감 방안과 초대형 콘텐츠와 광고 마케팅, 공공 협찬, 큐레이션 콘텐츠 개발, 유휴자산 매각을 통한 수입 확대안 등이 포함됐다.한경닷컴 뉴스룸 open@hankyung.com▶ 네이버에서 한국경제 뉴스를 받아보세요▶ 한경닷컴 바로가기  ▶ 모바일한경 구독신청 ⓒ 한국경제 & hankyung.com, 무단전재 및 재배포 금지",https://news.naver.com/main/read.nhn?mode=LSD&mid=sec&sid1=102&oid=015&aid=0004367169,,,,,,,
2020-06-24,연합뉴스,"1천억 적자 KBS, 2023년까지 직원 1천명 줄어든다","경영혁신안 마련…'수신료 정상화' 등 재원안정화 모색KBS 여의도 사옥[연합뉴스 자료사진]    (서울=연합뉴스) 이정현 기자 = 연 1천억원대 적자 위기에 놓인 공영방송 KBS가 직원 감축과 수신료 현실화 등을 골자로 한 경영혁신안을 마련했다.    24일 비공개로 열린 KBS 이사회에는 이러한 경영혁신안이 제출됐으며, 현재 열악한 재정 상황 역시 공유됐다.    KBS가 낸 안에 따르면 지난달까지 올해 광고 수입 누계는 794억원으로 목표대비 355억원이 부족한 상황이다. 또 지난달 말 기준 당기손익은 320억원 적자고, 사업 손익 역시 360억원 적자인 것으로 나타났다.    사업손실 역시 1천억원, 당기손실은 150억원으로 예상됐으며 신종 코로나바이러스 감염증(코로나19) 장기화로 상황이 더욱 악화할 경우 각각 1천200억원, 400억원으로 늘어날 수 있을 것으로 KBS는 전망했다.    KBS는 이에 대한 단기대책으로 섭외성 경비 감축, 제작과 국외 여비 감축, 미니시리즈 라인업 재검토 등을 통한 비용 절감 방안과 초대형 콘텐츠와 광고 마케팅, 공공 협찬, 큐레이션 콘텐츠 개발, 유휴자산 매각을 통한 수입 확대안을 제시했다.    중장기 대책으로는 2023년까지 직원 1천명을 감원하겠다는 계획을 내놔 눈길을 끌었다. KBS는 1988년 서울 올림픽 때 대규모로 채용했던 인력이 퇴직하는 '자연 순감'에 더해 연 100명을 의도적으로 감원하겠다는 계획이다.    아울러 올해 노동조합과의 임금협상을 통해 성과급제와 성과평가시스템 등을 도입하겠다는 의지를 내비쳤다. 인력 재배치와 안식년제 활용 등도 대책으로 제시됐다. 다만 인력 감축 문제는 직원들의 작지 않은 반발이 있을 것으로 예상된다.    재원 안정화 방안으로는 방송법 개정과 수신료 정상화 추진 등이 세부 계획으로 명시됐다. KBS는 공영방송에 대한 국민의 신뢰 회복을 전제로 40년간 동결된 수신료를 현실화해야 한다는 주장을 꾸준히 해왔다.    최근 또 다른 공영방송인 MBC의 박성제 사장도 '수신료'를 언급한 상황에서 KBS가 어떤 방식으로 수신료 현실화안을 내놓을지 주목된다.    이 밖에도 최근 지역국들과 갈등을 겪는 지역국 제작 송출 기능의 총국 통합, 초고화질(UHD) 기술을 활용한 재난방송 추진 등도 혁신안에 포함됐다.    KBS는 다음 달 1일까지 혁신안을 구체화해 공론화할 것으로 보인다.    한편, 마찬가지로 재정난을 겪는 MBC 역시 경영혁신안을 마련 중인 것으로 알려졌다. 양대 공영방송은 지난해에도 나란히 비상경영체제를 선포한 바 있다.    lisa@yna.co.kr▶코로나19 속보는 네이버 연합뉴스에서 [구독 클릭]▶[팩트체크] 한국은행이 5만원권 발행 중단?▶제보하기",https://news.naver.com/main/read.nhn?mode=LSD&mid=sec&sid1=102&oid=001&aid=0011701488,,,,,,,
2020-06-25,한국경제TV,"'年 1000억 적자' KBS, 2023년까지 직원 1000명 줄인다","[한국경제TV 김현경 기자]연 1천억원대 적자 위기에 놓인 공영방송 KBS가 직원 감축과 수신료 현실화 등을 골자로 한 경영혁신안을 마련했다.24일 비공개로 열린 KBS 이사0회에는 이러한 경영혁신안이 제출됐으며, 현재 열악한 재정 상황 역시 공유됐다.KBS가 낸 안에 따르면 지난달까지 올해 광고 수입 누계는 794억원으로 목표대비 355억원이 부족한 상황이다. 또 지난달 말 기준 당기손익은 320억원 적자고, 사업 손익 역시 360억원 적자인 것으로 나타났다.사업손실 역시 1천억원, 당기손실은 150억원으로 예상됐으며 '코로나19' 장기화로 상황이 더욱 악화할 경우 각각 1천200억원, 400억원으로 늘어날 수 있을 것으로 KBS는 전망했다.KBS는 이에 대한 단기대책으로 섭외성 경비 감축, 제작과 국외 여비 감축, 미니시리즈 라인업 재검토 등을 통한 비용 절감 방안과 초대형 콘텐츠와 광고 마케팅, 공공 협찬, 큐레이션 콘텐츠 개발, 유휴자산 매각을 통한 수입 확대안을 제시했다.중장기 대책으로는 2023년까지 직원 1천명을 감원하겠다는 계획을 내놔 눈길을 끌었다. KBS는 1988년 서울 올림픽 때 대규모로 채용했던 인력이 퇴직하는 '자연 순감'에 더해 연 100명을 의도적으로 감원하겠다는 계획이다.아울러 올해 노동조합과의 임금협상을 통해 성과급제와 성과평가시스템 등을 도입하겠다는 의지를 내비쳤다. 인력 재배치와 안식년제 활용 등도 대책으로 제시됐다. 다만 인력 감축 문제는 직원들의 작지 않은 반발이 있을 것으로 예상된다.재원 안정화 방안으로는 방송법 개정과 수신료 정상화 추진 등이 세부 계획으로 명시됐다. KBS는 공영방송에 대한 국민의 신뢰 회복을 전제로 40년간 동결된 수신료를 현실화해야 한다는 주장을 꾸준히 해왔다.최근 또 다른 공영방송인 MBC의 박성제 사장도 '수신료'를 언급한 상황에서 KBS가 어떤 방식으로 수신료 현실화안을 내놓을지 주목된다.이 밖에도 최근 지역국들과 갈등을 겪는 지역국 제작 송출 기능의 총국 통합, 초고화질(UHD) 기술을 활용한 재난방송 추진 등도 혁신안에 포함됐다.KBS는 다음 달 1일까지 혁신안을 구체화해 공론화할 것으로 보인다.한편, 마찬가지로 재정난을 겪는 MBC 역시 경영혁신안을 마련 중인 것으로 알려졌다. 양대 공영방송은 지난해에도 나란히 비상경영체제를 선포한 바 있다.(사진=연합뉴스)김현경기자 khkkim@wowtv.co.kr▶ 네이버 홈에서 [한국경제TV] 채널 구독하기 [생방송보기]▶ 대한민국 재테크 총집결! - [증권 / 주식상담 / 부동산]ⓒ 한국경제TV, 무단 전재 및 재배포 금지",https://news.naver.com/main/read.nhn?mode=LSD&mid=sec&sid1=102&oid=215&aid=0000881228,,,,,,,
2020-06-25,한경닷컴,"KBS, 1000억 적자 위기→직원 1000명 감축","KBS, 1000억 원대 적자 위기인원 감축, 수신료 현실화 등경영혁신안 마련해/사진=KBS1000억 원대 적자 위기에 몰린 KBS가 1000여명 인원 감축 등이 포함된 경영혁신안을 비공개 이사회에 제출했다. 24일 비공개로 KBS 이사회가 진행됐다. 이날 회의에서 KBS의 누적 적자 등 경영 위기에 대한 상황이 공유됐고, 적자 타개를 위해 오는 2023년까지 직원 1000명을 감원시키는 계획이 포함된 경영혁신안이 보고된 것으로 알려졌다. KBS의 올해 5월까지 광고 수입은 794억 원으로 목표대비 355억 원이 부족하다. 또한 지난달 말 기준 당기 손실은 320억 원, 사업 손실 역시 360억 원에 달하는 것으로 알려졌다.뿐만 아니라 올해 1000억 원 대 사업손실도 불가피할 것으로 전망되고 있다. 특히 코로나19가 장기화될 경우, 사업손실은 1200억 원, 당기손실은 4000억 원까지 늘어날 수 있다는 관측까지 나왔다. 이에 KBS는 섭외성 경비 감축, 제작과 국외 여비 감축, 미니시리즈 라인업 재검토 등을 통한 비용 절감 방안과 초대형 콘텐츠와 광고 마케팅, 공공 협찬, 큐레이션 콘텐츠 개발, 유휴자산 매각을 통한 수입 확대안을 제시했다.중장기 대책으로 인력감원안도 내놓았다. 1988년 서울올림픽 때 대규모로 채용했던 인력이 퇴직하는 '자연 순감' 인원 900명에 100명을 추가적으로 감원하겠다는 내용을 골자로 한다. 인력 감축 외에 성과급제, 성과평가시스템 도입, 인력 재배치 등의 도입을 노조와 협의하겠다는 의지를 내비쳤다. 다만 노조 협상을 풀어갈 수 있을지에 대해선 우려도 나오고 다.KBS는 새 노조로 불리는 '전국언론노조 KBS본부'와 기술, 경영직군이 주로 구성돼 있는 'KBS노동조합' 등 양대 노조로 나뉘어 있다. 각각의 구성원이 다르고, 이해관계도 첨예하게 대립하는 만큼 크고 작은 반발이 예상되고 있다. 한편 KBS 측은 ""구체적인 최종 경영혁신안은 오는 7월 1일 나올 것""이라고 밝혔다. 김소연 한경닷컴 기자 sue123@hankyung.com기사제보 및 보도자료 newsinfo@hankyung.com▶ 네이버에서 한국경제 뉴스를 받아보세요▶ 한경닷컴 바로가기  ▶ 모바일한경 구독신청 ⓒ 한국경제 & hankyung.com, 무단전재 및 재배포 금지",https://news.naver.com/main/read.nhn?mode=LSD&mid=sec&sid1=103&oid=015&aid=0004367564,,,,,,,
2020-06-25,연합뉴스,KBS 쿨FM 55주년 특집…내일 추억의 DJ들 출격,"[KBS 제공. 재판매 및 DB 금지]    (서울=연합뉴스) 송은경 기자 박소연 인턴기자 = KBS 쿨FM(89.1㎒)은 개국 55년을 맞아 오는 26일 방송하는 특집 '오랜 날 오랜 밤, 여러분의 쿨FM'을 마련했다.    25일 KBS 쿨FM에 따르면 이 특집은 청취자들에게 감사의 인사를 전하고 추억의 DJ와 추억의 명곡들을 다시 만나는 프로그램이다.    '가요광장'의 강성연, '상쾌한 아침'의 손미나 등 역대 DJ들이 해당 시간대 프로그램에 출연해 현 DJ들과 추억을 나눈다. '황정민의 뮤직쇼'를 진행하는 황정민 아나운서는 '조우종의 FM대행진'에 출연한다.    '이현우의 음악앨범', '사랑하기 좋은날 이금희입니다' 등에서는 역대 쿨FM DJ들의 오디오클립과 로고송을 통해 청취자들과 소통한다.    '볼륨을 높여요'는 지난 DJ 유인나, 최강희, 메이비, 수현의 음원을 활용한 퀴즈를 방송 중이다. 지난 22일 시작한 이 퀴즈는 26일까지 5일간 진행된다.    norae@yna.co.kr▶코로나19 속보는 네이버 연합뉴스에서 [구독 클릭]▶[팩트체크] 한국은행이 5만원권 발행 중단?▶제보하기",https://news.naver.com/main/read.nhn?mode=LSD&mid=sec&sid1=103&oid=001&aid=0011701785,,,,,,,
2020-06-25,연합뉴스,"KBS 노조 ""뺄셈뿐인 1천명 감축 혁신안, 수용 불가""","KBS 여의도 사옥[연합뉴스 자료사진]    (서울=연합뉴스) 이정현 기자 = KBS 과반 노조인 전국언론노동조합 KBS본부가 최근 KBS 이사회에 보고된 KBS 경영혁신안에 대해 ""인위적인 인원 감축 조치는 결코 받아들일 수 없다""고 반발했다.    노조는 25일 성명을 내고 ""뺄셈 표시만 가득한 혁신안에 대해 분노가 커진다""며 ""제작비 뺄셈에 이어 인건비에서도 뺄셈을 하겠다니, 함께 노를 저어야 할 일부 선원더러 바다에 뛰어들라는 격""이라고 이같이 밝혔다.    노조는 특히 혁신안에 2023년까지 직원 1천명을 감축하겠다는 내용이 포함된 데 대해 ""이 안이 현실화하려면 자연 퇴직에 더해 연 100명을 추가로 줄여야 한다""며 ""이미 현장에서는 신규 채용 중단, 각종 비용 절감으로 곡소리가 난다""고 비판했다.    그러면서 ""비용을 어떻게 감축하고 직원 수를 어떻게 줄일까 하는 낮은 수준으로 고민할 게 아니라 공적 재원을 어떻게 확충하고 직원 사기와 프로그램 경쟁력을 어떻게 끌어올릴지 고민하라""고 촉구했다.    이어 ""혁신안에는 노조와 합의나 협의가 필요한 내용도 포함된 것으로 파악된다. 노조 동의 절차도 없이 해당 안건들을 '혁신안'으로 거론하는 사측의 오만한 태도에도 엄중하게 경고한다""고 강조했다.    앞서 KBS는 KBS 이사회에 인력 감축 등 비용 절감 방안과 수신료 정상화 추진 등 재원 안정화 방안을 골자로 한 경영혁신안을 제출했다. 연 적자만 1천억원 규모에 달하는 데 따른 조치다. 사측은 이 안을 다음 달 1일까지 구체화해 공론화할 것으로 보인다.    lisa@yna.co.kr▶코로나19 속보는 네이버 연합뉴스에서 [구독 클릭]▶[팩트체크] 한국은행이 5만원권 발행 중단?▶제보하기",https://news.naver.com/main/read.nhn?mode=LSD&mid=sec&sid1=102&oid=001&aid=0011703943,,,,,,,
2020-06-24,미디어오늘,조선일보 부정선거 의혹 보도했다고 한 KBS 행정지도,"유튜브 채널 가로세로연구소 부정선거 의혹 주도했는데 조선일보 보도로 오인   심의위원들 KBS에 행정지도 권고… “시청자 오인케 방송, 이후 사과방송 감안”[미디어오늘 박서연 기자]유튜브 채널 가로세로연구소가 주도적으로 제기한 4·15 총선 부정선거 의혹을 조선일보가 제기했다고 보도한 KBS에 행정지도가 결정됐다. 방송통신심의위원회 방송심의소위원회(방통심의위 방송소위·위원장 허미숙)는 24일 오후 서울 목동 방송회관에서 회의를 열고 KBS 뉴스 프로그램 '코로나19 통합뉴스룸 사사건건'이 방송심의규정 '객관성' 조항을 위반했는지 심의한 결과 행정지도 '권고'를 결정했다. 행정지도 권고는 방송사 재허가 심사 때 반영되지 않는 경징계다. ▲조선일보가 부정선거 의혹을 제기 한 것처럼 자막이 표시됐다. 사진=KBS 코로나19 통합뉴스룸 시시각각 화면 갈무리.KBS '코로나19 통합뉴스룸 사사건건'은 지난 4월21일 ""보수 일각 '부정 선거' 제기… 선거 불복?""이라는 주제로 진행자와 출연자들이 대담을 나눴다. 진행자는 김원장 KBS 기자, 출연자는 홍성걸 국민대 교수, 김성완 시사평론가였다. 김원장 기자가 4월 총선 사전투표에 관련 ""민주당은 다 63%가 나오고, 미래통합당 후보는 36%가 나오더라""라며 보수진영의 부정선거 주장을 설명한 뒤 ""조선일보가 사흘 전에 인천도 봤더니 63%:36%더라. 진짜 똑같네. 어떻게 이렇게 똑같지? 이런 기사를 썼다가 '오늘 계산해봤더니 저희가 계산 잘못했습니다'라고 했다""고 전했다. 김원장 기자의 발언과 동시에 화면 자막에는 ""사전투표, 민주당 63% vs 통합당 36%… 조작 의심"" ""조선일보, 의혹 제기 후 계산오류 사과 보도""라는 자막이 나왔다. ▲사진=KBS 코로나19 통합뉴스룸 시시각각 화면 갈무리.민원인은 방통심의위에 ""조선일보가 의혹 제기를 한 게 아니라 유튜브 채널 가로세로연구소의 의혹 제기를 (조선일보가) 팩트체크한 것이고, 팩트체크 내용 중 계산 오류가 있어 정정보도한 것""이라고 지적한 뒤 ""해당 방송은 조선일보가 부정선거 의혹을 제기했다가 그 주장을 철회한 것으로 잘못 인용했다""고 했다. KBS 사사건건은 지난 23일 이에 대해 사과했다. 진행을 맡은 박찬형 KBS 기자는 ""한가지 바로 잡도록 하겠다. 지난 4월21일 방송에서 야권에서 제기한 부정선거 주장을 다루면서 조선일보가 관련 의혹을 제기하고 나중에 이를 정정한 것으로 보도했었다""고 말한 뒤 ""확인 결과 해당 부정선거 의혹은 조선일보가 아니고 가로세로연구소가 제기한 것으로 조선일보는 이를 팩트체크한 기사를 실었고 부정선거 의혹 제기와는 관련이 없어서 이를 바로잡는다""고 설명했다. ▲지난 23일 KBS 사사건건은 4월21일 방송분을 바로 잡았다. 사진=KBS 코로나19 통합뉴스룸 시시각각 화면 갈무리.심의위원 5인(정부·여당 추천 강진숙·이소영 위원, 허미숙 위원장, 미래통합당 추천 전광삼 상임위원, 바른미래당 추천 박상수 위원)은 전원 의견으로 행정지도 '권고'를 주장했다. 심의위원들은 KBS가 바로잡는 방송을 한 점을 제재 수위 결정에 반영했다. 박상수 위원은 ""자료화면 자막 등을 살펴보면 마치 조선일보가 부정선거 의혹을 제기했다고 오인할 수밖에 없다고 판단된다. 조선일보 명예를 훼손한 소지가 있다. 하지만 KBS가 뒤늦게 사과하고 오류를 인정한 것도 사실""이라고 말했다. 이소영 위원도 ""마치 조선일보가 앞장서 부정선거 의혹을 제기한 것처럼 보도했다. 하지만 사과한 점을 감안한다""고 했다. 강진숙 위원 역시 ""조선일보가 부정선거 의혹을 제기한 것처럼 말해 명확하지 않은 방송을 했다. 하지만 정정 보도가 있었다""고 밝혔다.박서연 기자[네이버 메인에서 미디어오늘 구독하기][네이버 TV에서 미디어오늘 바로가기]<Copyright ⓒ 미디어오늘. 무단전재 및 재배포 금지>",https://news.naver.com/main/read.nhn?mode=LSD&mid=sec&sid1=102&oid=006&aid=0000103230,,,,,,,
2020-06-24,Joins.com,조선일보가 부정선거 의혹 제기한 것처럼 보도한  KBS 행정지도,"조선일보가 부정선거 의혹을 제기한 것처럼 방송해 방송통신심위원회 행정지도가 결정된 KBS 뉴스 프로그램 ‘코로나19 통합뉴스룸 사사건건’ 4월 21일 방송. [방송캡처]           조선일보가 4ㆍ15 총선 부정 선거 의혹을 제기한 것처럼 보도한 KBS 뉴스 프로그램 ‘코로나19 통합뉴스룸 사사건건’에 대해 방송통신심의위원회의 행정지도가 결정됐다.방심위 방송심의소위원회는 24일 서울 목동 방송회관에서 회의를 열고 KBS-1TV ‘… 사사건건’에 대해 행정지도인 ‘권고’를 결정했다. ‘… 사사건건’은 지난 4월 21일 방송에서 진행자인 김원장 기자가 보수진영의 사전투표 부정선거 주장을 설명한 뒤 “조선일보가 사흘 전에 인천도 봤더니 63%:36%더라. 진짜 똑같네. 어떻게 이렇게 똑같지? 이런 기사를 썼다가 ‘오늘 계산해봤더니 저희가 계산 잘못했습니다’라고 했다”고 전했다. 또 화면에는 “사전투표, 민주당 63% vs 통합당 36%… 조작 의심” “조선일보, 의혹 제기 후 계산오류 사과 보도”라는 자막을 띄워 조선일보가 부정선거 의혹을 제기했다가 이후 오류가 드러나 사과한 것처럼 방송했다. 하지만 실제 조선일보 보도는 유튜브 채널 가로세로연구소의 의혹 제기를 팩트체크한 기사로, 부정 선거 의혹에 근거가 없다는 것이 기사 요지였다. 기사 게재 이틀 뒤 숫자 계산 오류로 정정 보도를 하긴 했지만, 기사의 맥락이 바뀌진 않았다.        방심위는 “해당 신문 기사의 내용과 관련 정정보도 취지를 사실과 다르게 방송한 사안에 대해 논의한 결과, ‘방송심의에 관한 규정’ 제14조(객관성)을 위반했다고 판단해 ‘권고‘를 의결했다”고 설명했다.        또 이날 방심위 방송심의소위원회는 남녀간의 성행위나 성기를 유추할 수 있는 노래 가사와 선정적인 안무 등을 청소년시청보호시간대에 방송한 Mnet ‘굿걸 : 누가 방송국을 털었나’에 대해 법정제재인 ‘주의’ 의견으로 전체회의에 상정하기로 결정했다. 방송통신위원회의 방송평가에서 감점을 받게 되는 법정제재는 소위원회 건의에 따라 심의위원 전원(9인)으로 구성되는 전체회의에서 최종 의결된다.        이밖에 코로나19 신규 확진자의 동선을 설명하며 확진자의 성 정체성이 드러날 수 있는 표현을 사용한 KBS창원-1AM ‘시사경남’과 MBN ‘MBN 종합뉴스’에 대해서는 ‘의견진술’을 청취한 후 심의하기로 결정했다. 또 욕설을 여과 없이 두 차례 내보낸 TBS-FM ‘아닌 밤중에 주진우입니다’와 성적 수치심이나 불쾌감을 유발할 수 있는 내용을 방송한 채널W ‘보면 열받는 TV’에 대해서도 ‘의견진술’을 청취한 후 심의하기로 결정했다.이지영 기자 jylee@joongang.co.kr   ▶ 그래서, 팩트가 뭐야? 궁금하면 '팩플'▶ 세상 쉬운 내 돈 관리 '그게머니'▶ 그래픽으로 다 말해주마, 그래픽텔링ⓒ중앙일보(https://joongang.co.kr), 무단 전재 및 재배포 금지",https://news.naver.com/main/read.nhn?mode=LSD&mid=sec&sid1=103&oid=025&aid=0003011989,,,,,,,
2020-06-24,조선일보,"1년에 1000억 적자 KBS ""4년간 1000명 줄이겠다""","/KBS 연간 1000억원대 적자를 기록하고 있는 KBS가 향후 4년간 직원 1000명을 감축하는 내용의 경영혁신안을 마련해 KBS 이사회에 보고했다. 하지만 구체적인 인력 감축 방안이 제시되지 않아 실효성에 의문이 제기됐다.24일 비공개로 열린 KBS 이사회에 제출된 KBS 경영혁신안에 따르면, KBS는 적자 타개를 위해 오는 2023년까지 직원 1000명을 감원키로 했다. 이는 1988년 서울 올림픽 때 대규모로 채용한 인력이 퇴직하는 ‘자연 순감’ 인원 900명에 더해 향후 100명을 인위적으로 감원한다는 계획이다.그러나 이날 이사회에서 KBS 경영진은 구체적인 실행 계획을 제시하지는 못했다고 한다. 이사회에 참석한 한 KBS이사는 “자연 감소되는 인원 900명에 나머지 100명을 인위적으로 줄이겠다는 계획인데, KBS 특성상 단 10명도 인위적으로 내보낼 방법이 없다”면서 “이사들 사이에서도 ‘실효성이 있는 계획이냐’ ‘알맹이가 없다’는 반발이 나왔다”고 했다.하지만 이에 대해 또 다른 KBS 이사는 “통상적으로 기업에선 정년 퇴직 등으로 회사를 떠나는 인원만큼 신입사원을 채용하는데, KBS가 제시한 계획은 향후 4년간 신입 직원 채용을 최소화하겠다는 의미로 볼 수 있다”면서 “KBS가 감원 문제를 직접 거론했다는 점에서 긍정적 변화로 본다”고 말했다.KBS가 인력을 감축하기 위해선 취업 규칙 변경 등 노조와의 협상이 필수적이다. 이 과정에서 크고 작은 반발이 불가피해 보인다. 특히 KBS는 ‘전국언론노조 KBS본부’와 ‘KBS노동조합’ 양대(兩大) 노조로 나뉘어 있고, 각 노조별로 기술직·기자·PD 등 구성에도 차이가 있어 이해관계가 첨예하게 대립한다. 특히 앞으로 자연 감소하는 인원의 상당 부분이 기술직으로 알려져 두 노조의 세력에도 큰 영향을 미칠 전망이다. 이와 별개로 KBS는 올해 노조와의 임금협상을 통해 성과급제와 성과평가시스템 등을 도입하겠다는 계획도 제시했다.KBS가 이날 이사회에 보고한 올해 광고수입은 지난 5월까지 누계 794억원으로 당초 목표액에서 355억 적은 규모다. KBS는 올해도 연간 1000억원대의 사업손실이 불가피할 것으로 보고 있다. KBS는 향후 비용 절감 방안으로 섭외성 경비와 제작 및 국외여비 감축, 미니시리즈 라인업 재검토, 유휴자산 매각 등의 방안을 제시했다.[신동흔 기자 dhshin@chosun.com] [손호영 기자 muse@chosun.com] ",,▶ 유용원 군사전문기자의 밀리터리시크릿 '밀톡' ,,▶ 과학이 이렇게 재밌을수가~ '사이언스카페' ,,▶ 조선일보 뉴스를 네이버에서 확인하세요,"- Copyrights ⓒ 조선일보 & chosun.com, 무단 전재 및 재배포 금지 -",https://news.naver.com/main/read.nhn?mode=LSD&mid=sec&sid1=103&oid=023&aid=0003541504
2020-06-25,donga.com,"경영난 KBS, 2023년까지 직원 1000명 줄이기로","올해 적자 최대 1200억 전망… 인력감축안 등 비상경영안 마련올해 1000억 원대 사업손실이 예상되는 KBS가 2023년까지 직원 1000명을 줄이는 비상경영안을 내놓았다.  KBS 경영진은 24일 비공개로 열린 정기이사회에서 이 같은 내용을 담은 ‘경영혁신안’을 제출했다. KBS는 2023년까지 정년퇴직 등 자연 순감 900명 외에도 100명을 추가로 감축해 직원 1000명을 줄일 예정이다. 현재 KBS 직원은 5300여 명에 달한다. 앞서 KBS는 22일 비상긴축조치를 발표하면서 앞으로 법정 필수인력 등을 제외하고 신규 채용을 잠정 중단하기로 했다. 올해 KBS는 광고 수입 감소 등으로 지난달까지 360억 원의 사업손실을 냈다. 당기손실은 320억 원이다. 같은 기간 광고 수입은 794억 원으로 목표 대비 355억 원을 채우지 못했다. KBS는 올해 최소 1000억 원, 최대 1200억 원의 사업손실을 예상하고 있다.  KBS노동조합(1노조) 관계자는 “KBS 경영진이 경영 악화를 핑계로 직원의 생존을 위협하고 있다”며 “경영진은 경영 실패를 인정하고 사퇴하라”고 반발했다. 2018년 4월 양승동 사장 취임 후 적자로 전환한 KBS는 지난해 759억 원의 사업손실을 냈다. KBS는 지방송신소 부지 매각 등으로 사업손실을 메워 당기손익은 16억 원 흑자로 만들었다. 정성택 기자 neone@donga.com ▶ 네이버에서 [동아일보] 채널 구독하기▶ 집 볼 때 쓰는 메모장 '집보장'ⓒ 동아일보 & donga.com, 무단 전재 및 재배포 금지",https://news.naver.com/main/read.nhn?mode=LSD&mid=sec&sid1=102&oid=020&aid=0003294029,,,,,,,
2020-06-23,기자협회보,"KBS·MBC 사장 ""제도 개선, 공적 지원, 재원 현실화"" 호소","두 공영방송 사장, 함께 방송학회 연사로넷플릭스·유튜브 등과 불공정 경쟁하는 현실 토로KBS, MBC 두 공영방송사 사장이 ‘제도 개선과 지원’을 호소하고 나섰다. 넷플릭스, 유튜브 같은 해외 미디어 기업들은 ‘규제 무풍지대’에서 승승장구하는데, 공영방송은 낡은 규제 체계와 척박한 지원 속에서 ‘불공정 경쟁’을 하며 위기로 내몰리고 있다는 지적이다. 핵심은 공영방송으로서 공적책무를 다할 테니 합당한 지원을 해달라는 것인데, 마침 정부에서도 규제 완화를 골자로 한 범정부 차원의 정책을 추진 중이어서 관련 논의 전개에 이목이 쏠린다.양승동 KBS 사장과 박성제 MBC 사장은 지난 19일 부산에서 열린 한국방송학회 봄철 정기 학술대회에 연사로 나란히 참석했다. 이날 학술대회에서 KBS와 MBC 후원으로 마련된 특별세션의 주제는 각각 ‘방송산업 내 재원구조’와 ‘방송통신발전기금 제도의 개선 방향’으로 ‘공적 재원’이 공통된 키워드였다. 2018년 봄에도 양승동 사장과 최승호 당시 MBC 사장이 방송학회 학술대회에 참석해 ‘공영방송의 혁신’과 ‘지배구조 개선’에 관해 대담을 나눴는데, 2년 사이 달라진 미디어 환경이 두 공영방송의 화두를 생존과 직결되는 문제로 변화시킨 셈이다.이유는 분명하다. 레거시 미디어 전체가 위기라지만, 그중에서도 지상파 방송사, 특히 공영방송이 느끼는 위기감은 더 크다. 방송통신위원회가 23일 발표한 ‘2019년도 방송사업자 재산상황’을 보면 전체 방송사업매출은 2018년 대비 2.1%인 3663억원이 증가했는데, 지상파는 2797억원이 줄었다. 매체별 광고 시장 점유율 변화를 보면 심각성은 두드러진다. 2010년만 해도 광고 시장 점유율 66.3%를 차지했던 지상파가 2017년 처음 PP(방송채널사용사업자)에 역전을 허용한 이후 격차는 점점 커져 2019년 52.9%(PP), 36.7%(지상파)까지 벌어졌다. PP 성장의 주된 이유는 종합편성채널이다. 지난해 종편 광고매출은 전년 대비 442억원 줄었으나 3년 연속 4000억원대를 유지하며 개국 이듬해인 2012년 대비 236%의 성장률을 기록했다. 반면 지상파의 지난해 광고 매출(1조 999억원)은 2015년 대비 8000억원 넘게 빠져 1조원대 붕괴를 목전에 두고 있다. 영업실적도 당연히 나빠졌는데, 특히 공영방송 상황이 안 좋다. SBS는 매출 감소에도 불구하고 3년 연속 영업 이익 흑자를 냈지만, KBS·MBC·EBS는 수백억대 적자의 늪에서 헤어나지 못하고 있다.이런 상황에 코로나19라는 악재까지 더해지자 KBS와 MBC는 긴축 식 비상경영을 시행 중이지만, 늘어나는 제작비와 인건비 등 ‘고정비’ 지출이 큰 상황에서 허리띠를 졸라매는 것만으로는 한계가 뚜렷했다. 한동안 지상파 방송계의 숙원이었던 ‘중간광고 허용’ 역시 효과가 크지 않다는 지적이 잇따랐다. 두 공영방송 사장이 더 근본적인 차원에서 ‘규제 완화’와 ‘공적 지원’을 호소하고 나선 이유다. 박성제 MBC 사장.박성제 사장은 앞서 지난달 열린 방송학회 웹콜로키엄에서 발제를 자청해 “공영방송 재원 현실화”를 주장했다. 박 사장은 MBC가 공영방송이면서도 법제도 불비와 모순에 따른 정체성 논란으로 ‘이중고 삼중고’를 겪어왔음을 호소했다. 이를테면 MBC가 공적 재원과 관련해선 민간상업방송으로 간주돼 수신료나 방송통신발전기금 직접지원 대상에서 제외되고, 민간재원과 관련해선 공영방송 범주에 포함돼 자유로운 광고영업을 할 수 없다는 것이다. 그러면서 공적 재원과 민간재원의 혼합재원 방식을 공영방송의 바람직한 재원 구조로 제시하기도 했다. 당시 ‘수신료 요구’가 부각된 것에 부담을 느꼈는지 19일엔 수신료 등 공적 기금 지원에 대해선 말을 아끼고 ‘법제도 개선’에 힘을 실었다. 박 사장은 넷플릭스, 유튜브 등 해외 OTT 사업자가 국내에서 고용을 창출하거나 세금을 제대로 내지도 않으면서 콘텐츠 형식, 광고 등 어떤 제약도 받지 않는다고 비판하며 “불공정하고 기울어진 운동장을 개선해야 한다”고 주장했다. 이를 위해 범 사회적 논의 기구인 (가칭)미디어혁신위원회 설치가 시급하다고 주장하기도 했다.양승동 KBS 사장.양승동 사장도 공영방송의 공적책무 이행을 위해 공적 재원 문제가 해소돼야 한다고 강조했다. 양 사장은 “KBS는 넷플릭스, CJ ENM, 종편과도 다르다”고 차별성을 강조하며 “KBS가 코로나라는 재난을 넘어 우리 사회의 많은 문제를 해결하는 필수 역할을 수행하는 핵심 미디어로 기여해야 한다. 그러기 위해선 KBS를 둘러싼 낡은 제도와 방송산업 전반의 공적 재원 문제가 꼭 해소돼야 한다”고 주장했다. 혁신 의지를 보여줄 새로운 경영혁신안도 조만간 발표할 예정이다. 직접 언급하진 않았지만, KBS 경영평가단의 권고 등을 토대로 수신료 현실화를 위한 정책 검토도 진행 중인 것으로 알려졌다. 수신료 현실화나 배분 문제는 KBS 이사회, 방통위, 국회까지 넘어야 할 산이 많지만, 규제 완화 흐름은 가시적이다. 정부는 해외 OTT에 맞서 국내 미디어의 글로벌 경쟁력을 키우기 위해 범부처 차원의 ‘디지털 미디어 생태계 발전방안’을 지난 22일 발표했다. 정부는 플랫폼 혁신을 위해 ‘최소규제 원칙’에 따라 낡은 규제를 폐지·완화하고 전략적 M&A를 통한 플랫폼 기업의 대형화를 지원하겠다고 밝혔다. 방송시장·방송광고 규제 완화도 핵심과제로 포함됐다. 방통위는 지상파·유료방송 간 차별적 광고규제를 해소하고 방송 광고 시장 확대를 위한 제도 개선안을 마련해 내년까지 관련 시행령 및 규칙 개정을 추진할 계획이다.김고은 기자 nowar@journalist.or.kr김고은 기자ⓒ 한국기자협회(http://www.journalist.or.kr) 무단전재 및 재배포금지",https://news.naver.com/main/read.nhn?mode=LSD&mid=sec&sid1=102&oid=127&aid=0000029702,,,,,,,
2020-06-25,한경닷컴,'진보는 선하고 보수는 악역'…KBS 드라마 인물설정 논란,"KBS 새 수목드라마 '하라는 취업은 안하고 출사표'극중 보수당 인물 악역으로 묘사…7월1일부터 방영사진제공=KBS다음달 1일부터 방영 예정인 KBS 새 수목드라마 '하라는 취업은 안하고 출사표(이하 출사표)'가 극중 편향적 인물 설정으로 논란을 예고했다. 출사표는 취업 대신 출마를 선택한 취업준비생 구세라와 좌천당한 엘리트 사무관 서공명이 불량 정치인들을 응징하는 오피스 로맨스 코미디 드라마다.25일 현재 공식 홈페이지에 소개된 인물 소개에 따르면 보수당 인물은 전부 악역으로 설정된 반면 진보당 소속은 대부분 따뜻하고 정의감에 불타는 인물로 그려졌다. 드라마에서 애국보수당 심장양은 '갑질 만랩'으로 소개된다. 건설업체 대표 출신으로 각종 관공서에서 위탁 업무를 도맡아 사업을 더욱 키우느라 바쁜 비즈니스맨이다.애국보수당 장하운은 음주운전, 뺑소니, 도박, 성희롱으로 수차례 걸렸지만 모두 무혐의를 받았다. '무죄보다 깨끗한 무혐의'를 외치고 재선에 성공했다.애국보수당 시단규는 사립학교 교장 출신으로 도덕, 예의, 윤리를 중시하지만 어디까지나 남에게 엄격하고 나에게는 관대한 '내로남불'의 전형이다. 반면 다같이진보당 봉추산은 월급을 모두 지역 고아원과 저소득층 자녀를 위한 장학금으로 기부한다. 본인은 96년식 빨간색 티코를 타고 낡은 서류 가방을 들고 다닌다.다같이진보당 양내성은 경찰 출신으로 명예퇴직한 뒤 지역 봉사활동에 전념하다 출마했다. 본회의 출석률도 좋고 소탈했으며 늘 정의감에 불탔던 구의원이다.다같이진보당에선 고동찬이란 인물만 다소 부정적으로 그려졌다. 아버지의 지역구를 물려받아 2대째 구의원을 하는 '은수저'로 대세나 실리에 따라 움직이는 박쥐 같은 인물로 설정됐다. 이에 대해 일부 네티즌들은 ""국민들의 수신료로 운영되는 KBS가 이렇게 정치편향적 드라마를 제작하는 것은 부당하다""고 말했다. 드라마일 뿐이지만 자칫 시청자에게 진보는 선하고 보수는 악하다는 선입견을 심어줄 수 있다는 지적이다. 김명일 한경닷컴 기자 mi737@hankyung.com▶ 네이버에서 한국경제 뉴스를 받아보세요▶ 한경닷컴 바로가기  ▶ 모바일한경 구독신청 ⓒ 한국경제 & hankyung.com, 무단전재 및 재배포 금지",https://news.naver.com/main/read.nhn?mode=LSD&mid=sec&sid1=103&oid=015&aid=0004367427,,,,,,,
2020-06-24,연합뉴스,[인사] KBS 비즈니스,▲ 스포츠사업부장 함인균 ▲ 스포츠예술과학원장 이성태 ▲ 기획사업팀장 이정민 ▲ 창원지사장 정용운 ▲ 대전지사장 박종선 ▲ 광주지사장 최수일 ▲ 청주지사장 이문석 ▲ 춘천지사장 신익창 ▲ 스포츠사업부 차장 유정규 ▲ 스포츠사업부 차장 김대길 ▲ 경영기획부 차장 백대현 (서울=연합뉴스)▶코로나19 속보는 네이버 연합뉴스에서 [구독 클릭]▶[팩트체크] 한국은행이 5만원권 발행 중단?▶제보하기,https://news.naver.com/main/read.nhn?mode=LSD&mid=sec&sid1=102&oid=001&aid=0011700893,,,,,,,
2020-06-24,eTimesinternet Co,[인사]KBS 비즈니스,"◆KBS 비즈니스 △스포츠사업부장 함인균 △스포츠예술과학원장 이성태 △기획사업팀장 이정민 △창원지사장 정용운 △대전지사장 박종선 △광주지사장 최수일 △청주지사장 이문석 △춘천지사장 신익창 △스포츠사업부 차장 유정규 △스포츠사업부 차장 김대길 △경영기획부 차장 백대현▶ 네이버 홈에서 [전자신문] 구독하기▶ 전자신문 바로가기 [Copyright ⓒ 전자신문 & 전자신문인터넷, 무단전재 및 재배포 금지]",https://news.naver.com/main/read.nhn?mode=LSD&mid=sec&sid1=105&oid=030&aid=0002889771,,,,,,,
2020-06-24,디지털타임스,[인사] KBS 비즈니스,◇KBS 비즈니스△스포츠사업부장 함인균 △스포츠예술과학원장 이성태 △기획사업팀장 이정민 △창원지사장 정용운 △대전지사장 박종선 △광주지사장 최수일 △청주지사장 이문석 △춘천지사장 신익창 △스포츠사업부 차장 유정규 △스포츠사업부 차장 김대길 △경영기획부 차장 백대현 디지털타임스 채널 구독 / 뉴스스탠드 구독디지털타임스 홈페이지 바로가기,https://news.naver.com/main/read.nhn?mode=LSD&mid=sec&sid1=102&oid=029&aid=0002606494,,,,,,,
2020-06-23,연합뉴스,KBS '아침마당'이 분석하는 2020년發 트로트 열풍,"아침마당 트로트 특별기획 출연진[KBS 제공. 재판매 및 DB 금지]    (서울=연합뉴스) 이정현 기자 = 트로트 열풍이 종합편성채널을 넘어 지상파 그리고 유튜브까지 거의 모든 플랫폼에서 여전히 식지 않고 있다.    '도전 꿈의 무대' 코너로 트로트 인기의 한 축을 담당하는 KBS 1TV '아침마당'은 한국 대중음악 100년 특별기획으로 오는 25일과 다음 달 2일 이틀에 걸쳐 트로트의 역사적 맥락과 2020년발(發) 트로트 열풍의 원인을 분석한다고 23일 예고했다.    1부 '그 시절, 마음을 울린 우리 노래'에서는 인기 작곡가이자 국문학 박사인 이호섭이 각 전통가요의 역사적 상징을 소개한다.    한국전쟁 발발 70주년, 때로는 낭랑하게 때로는 구슬프게 불리던 '전통가요'를 자세히 들여다보면 한국전쟁 당시 상황과 서민들의 고된 삶을 알 수 있다.     이별의 슬픔을 노래하며 인기를 얻은 '목포의 눈물'에는 일제 검열의 눈을 피해 독립을 꿈꾸는 작사가의 기지가, '나그네 설움'에는 모진 고문의 고통을 겪고 나온 독립운동가의 고독이, '앵두나무 처녀'에는 외세 수탈의 역사와 억지 근대화의 얼룩, '신라의 달밤'에는 미·러 신탁통치에 반대하는 통일의 꿈이, '단장의 미아리 고개'에는 전쟁 후 참담했던 서민의 삶이 들어있다.    구성진 목소리의 진성, 김용임, 조명섭이 그 시절 그 노래를 다시 들려주며 전통가요에 스며있는 역사적 의미를 음미해본다.     2부 '전통가요, 세대를 통합한 이유'에서는 음악평론가 강헌이 한 때 왜색이 짙은 일본 엔카의 아류로 여겨져 변방에 물러나 있던 전통가요의 현실적 가치를 다시금 조명하고, 작곡가 추가열이 전통가요 특징을 분석해 한국인의 마음을 사로잡은 비결을 분석한다.    이어 김나희, 신인선, 박서진 등 젊은 트로트 스타 3인방이 출연해 '요즘 트로트'의 매력을 알린다.    또 '도전 꿈의 무대'를 연출하는 이헌희 PD가 이른바 '아마추어 가수들의 트로트 붐' 탄생 배경과 프로그램 제작 뒷이야기, 향후 계획을 이야기한다.    이번 특별기획 연출을 맡은 김민희 PD는 ""'뽕짝'이라는 이름으로 다른 장르의 음악에 비해 저평가받아왔던 트로트가 왜 2020년 인기와 관심의 중심에 서 있게 됐는지, 모든 행사가 사실상 중단된 포스트 코로나19 시대 TV 매체를 중심으로 한 트로트 열풍이 시사하는 바가 무엇인지 살피고 싶다""고 기획 의도를 밝혔다.    lisa@yna.co.kr▶코로나19 속보는 네이버 연합뉴스에서 [구독 클릭]▶[팩트체크] 한국은행이 5만원권 발행 중단?▶제보하기",https://news.naver.com/main/read.nhn?mode=LSD&mid=sec&sid1=103&oid=001&aid=0011696277,,,,,,,
2020-06-24,KBS,‘6·25전쟁 민간인 ‘학살’…진실규명은?’ 오늘 밤 10시 KBS 1TV 생방송,"[KBS 전주]6·25전쟁 70주년을 맞아, 이념 분쟁에 휩쓸려 억울한 죽임을 당한 민간인 학살의 참상과 진실규명을 위한 과제 등을 짚어보는 심층토론이 오늘(24) 밤 10시 KBS1 텔레비전을 통해 생방송됩니다. 민간인 학살 진실규명의 현실적 한계와 제도적으로 보완해야 할 점을 전문가들과 함께 진단합니다.이종완 기자 (rheejw@kbs.co.kr)▶ ‘코로나19 팩트체크’ 제대로 알아야 이긴다▶ 우리 동네 무슨 일이? KBS지역뉴스▶ 더 빠르고 정확한 소식을 원하시면 KBS뉴스 구독!",https://news.naver.com/main/read.nhn?mode=LSD&mid=sec&sid1=103&oid=056&aid=0010858242,,,,,,,
2020-06-22,노컷뉴스,최동석 아나 건강 문제로 KBS '뉴스9' 하차,"[CBS노컷뉴스 이진욱 기자]아나운서 최동석(사진=KBS 제공)KBS 아나운서 최동석이 건강 문제로 자사 메인 뉴스 프로그램 '뉴스9' 앵커 자리에서 하차한다고 밝혔다.최동석은 22일 SNS에 올린 글에서 ""지난주 병원에 다녀와서 진단서를 받았다""며 ""귀에 생긴 문제로 어지러움과 자가강청, 안진(눈떨림) 등의 증상이 생겼다""고 적었다.앞서 KBS는 이날 뉴스 프로그램 개편 소식을 내놓으면서 최동석이 '뉴스9' 앵커 자리에서 내려오고 후임으로 아나운서 박노원이 투입된다고 전했다.최동석은 ""당분간 쉬면서 안정을 하는 것이 좋겠다는 의사의 권유를 받았고 잠시 병가를 내고 쉼을 가질까 한다""며 ""눈떨림으로 인해 프롬프터가 잘 보이지 않아 상당부분 원고를 외워야 하고 제 말소리에 어지럼증이 느껴져 저의 퍼포먼스를 다할 수 없으니 쉬는 것이 맞다고 판단했다""고 설명했다.이어 ""그래서 9시뉴스도 이번주까지 진행할 예정""이라며 ""심려 끼쳐 죄송하고 쉬는 동안 몸 잘 추스르겠다. 그동안 응원해주신 많은 분들 감사합니다""라고 덧붙였다.▶ 확 달라진 노컷뉴스▶ 클릭 한 번이면 노컷뉴스 구독!▶ 보다 나은 세상, 노컷브이와 함께jinuk@cbs.co.kr저작권자 © CBS 노컷뉴스 무단전재 및 재배포 금지",https://news.naver.com/main/read.nhn?mode=LSD&mid=sec&sid1=102&oid=079&aid=0003374802,,,,,,,
2020-06-23,KBS,‘KBS 태안 밀입국 의혹 보도’ 이달의 방송기자상 선정,"[KBS 대전]태안 밀입국 사건과 관련해 중국인들의 조직적 밀입국 의혹을 연속 단속 보도한 KBS대전 특별취재팀이 방송기자연합회 지역뉴스 부문 이달의 방송기자상에 선정됐습니다. 특별취재팀은 조직적인 밀입국 의혹 제기와 함께 군과 해경의 초기 대응 실패와 수사 방향의 오류, 허술한 대응 훈련, 해경의 부실 수사를 심층적으로 연속 보도해 군과 해경의 재발방지 대책을 이끌어 냈다는 점에서 높은 평가를 받았습니다.성용희 기자 (heestory@kbs.co.kr)▶ ‘코로나19 팩트체크’ 제대로 알아야 이긴다▶ 우리 동네 무슨 일이? KBS지역뉴스▶ 더 빠르고 정확한 소식을 원하시면 KBS뉴스 구독!",https://news.naver.com/main/read.nhn?mode=LSD&mid=sec&sid1=102&oid=056&aid=0010857660,,,,,,,
2020-06-23,KBS,‘KBS 태안 밀입국 의혹 보도’ 이달의 방송기자상 선정,"[KBS 대전]태안 밀입국 사건과 관련해 중국인들의 조직적 밀입국 의혹을 연속 단속 보도한 KBS대전 특별취재팀이 방송기자연합회 지역뉴스 부문 이달의 방송기자상을 수상했습니다. 특별취재팀은 조직적인 밀입국 의혹 제기와 함께 군과 해경의 초기 대응 실패와 수사 방향의 오류, 허술한 대응 훈련, 해경의 부실 수사를 심층적으로 연속 보도해 군과 해경의 재발방지 대책을 이끌어 냈다는 점에서 높은 평가를 받았습니다.성용희 기자 (heestory@kbs.co.kr)▶ ‘코로나19 팩트체크’ 제대로 알아야 이긴다▶ 우리 동네 무슨 일이? KBS지역뉴스▶ 더 빠르고 정확한 소식을 원하시면 KBS뉴스 구독!",https://news.naver.com/main/read.nhn?mode=LSD&mid=sec&sid1=102&oid=056&aid=0010857563,,,,,,,
2020-06-20,미디어오늘,"'필름 13만롤, 테이프 24만개' KBS 아카이브는 '아직도 배고프다'","[인터뷰] 김성아 KBS 디지털미디어국 콘텐츠아카이브부 팀장… “KBS 녹화 테이프 있다면 연락 바란다”[미디어오늘 정민경 기자]지난달 29일 KBS는 '만삭의 위안부' 영상을 단독 발굴했다. 1944년 9월 일본군 진지가 함락되는 날 중국 윈난성 쑹산에서 미‧중 연합군에 의해 발견된 위안부 피해자가 '만세'를 외치는 영상이었다. KBS가 1990년부터 '한국전쟁' 등 근현대사 프로그램을 제작하며 과거의 영상을 모아온 결실이었다. 18일 방송하는 KBS 1TV '다큐인사이트'의 '개그우먼'도 지난 30년 KBS의 개그 프로그램 자료들과 개그우먼 인터뷰를 버무려 제작한 프로그램이다. 1961년 개국 이래 KBS의 방대한 아카이브(archive, 소장품이나 자료를 디지털화해 관리하는 작업)는 영상 파일만 60만 시간 분량이다. 미디어오늘은 KBS에서 아카이브 업무를 담당하고 있는 김성아 KBS 디지털미디어국 콘텐츠아카이브부 팀장을 16일 서면 인터뷰했다. KBS 콘텐츠아카이브부(이하 아카이브부)의 이전 명칭은 '자료실'이었다. 1976년 편성국에 '자료부'가 설치되면서 본격적으로 수집됐다. 1973년에는 음악 자료실이 설치됐다. 이외에도 비디오아카이브, 오디오아카이브, 도서관 등으로 구성돼 있다. ▲KBS 수원센터에서 보관중인 테이프 사진. 사진 제공=KBS 콘텐츠아카이브부.2018년부터는 아카이브 자료를 활용해 유튜브 채널 서비스를 시작했다. 코미디 채널 '크큭티비'와 가요채널 'Again가요톱10'이 있다. 김성아 팀장은 ""당시 마침 '뉴트로'(새로움을 뜻하는New와 복고를 뜻하는 Retro를 합친 신조어) 열풍이 불기 시작했고, 방대한 KBS아카이브를 다른 시각으로 바라보기 시작했다. 자료창고에서 보물창고가 된 것""이라고 말했다. 지난해부터 '온라인 탑골공원'이라고 불리며 유튜브에서 1990년대 히트 유행가들이 다시 인기를 얻은 것이 대표적이다. 김 팀장은 ""Again가요톱10 채널을 운영하는 입장에서 '이십세기 힛트쏭' 같은 프로그램은 아카이브 영상만으로 만든 프로그램은 아니지만, 아카이브 영상을 재미있게 구성하고 재해석한 프로그램이라 구독자들이 신선하게 느끼신 것 같다""고 밝혔다. ▲KBS의 '가요톱10' 아카이브를 이용해 재가공한 영상을 제공하는 유튜브 '어게인 가요톱10' 채널. 이 채널은 현재 구독자 16만명을 보유 중이다.김 팀장은 1983년 방송된 '이산가족을 찾습니다'를 KBS 아카이브 힘을 보여준 사례로 꼽았다. 그는 ""해당 방송 기록물은 30년이 지난 2015년 유네스코 세계기록유산으로 등재됐다""며 ""생방송을 녹화한 테이프 463개를 비롯한 자료들이 보존돼 있다""고 말했다. 이산가족 관련 영상은 10대나 20대 시청 비율이 높은 편이다. 김 팀장은 ""최근 SNS에서 오래 전 돌아가신 할아버지를 이산가족 영상에서 봤다는 글을 읽었다. 이산가족이었던 할아버지 생각이 나서 영상을 보기 시작했는데, 정말 놀랍고 신기하게도 헤어진 가족을 찾기 위해 프로그램에 출연했던 할아버지의 생전 모습을 보게 됐다는 것""이라고 당시 감동의 순간을 전했다. 유튜브에서 최초 공개했던 KBS 드라마 '사랑의 굴레'(1989년 4월22일~1989년 10월8일 방영)의 경우 현재는 퇴직한 '사랑의 굴레' 연출 염현섭 PD가 VHS테이프를 기증해 유튜브 채널 '옛날티비'에 공개했다. 당시 이 드라마는 배우 고두심이 ""잘났어. 정말!""이라는 유행어로 화제였고 KBS 연기대상에서 대상까지 거머쥐었을 정도로 인기였다. 김 팀장은 ""평일 저녁 1편씩 공개해서 2달가량 서비스했는데, 실시간 채팅이나 댓글 등 반응이 상당히 좋았다. 유튜브에서 방송한 마지막회는 동시 시청자가 약 3500명 이상이었다""고 자사 콘텐츠에 자부심을 보였다. ▲KBS 콘텐츠아카이브부에서 운영하는 유튜브 채널 중 하나인 '옛날TV'. 인기 드라마 '사랑의 굴레', '달빛가족' 등을 다시 방송했다. 아카이브부는 '사랑의 굴레'처럼 예전 영상을 소장한 사람들을 직접 찾아 자료를 확보하기도 한다. ""작년에 시청자 소장 영상 공모를 진행했다. 퇴직 선배님들이 개인적으로 소장하고 있는 자료가 제법 있을 거란 얘기를 들었다. 사우회, 사내 직능단체 등에 집중적으로 홍보했고, 사우회 30주년 기념행사가 있던 때 팀원들이 다 같이 가서 사우회 행사 안내를 하며 직접 홍보물을 나눠드리기도 했다."" 아카이브부가 소장하지 않은 영상을 유튜브에서 발견하면 유튜버에게 연락해 파일로 받는 일도 있었다. 그만큼 자료수집에 공을 들이고 있는 것. ""이전부터 꾸준히 아카이브를 구축해왔는데 최근 몇 년 사이 더 주목을 받는 듯하다. 영상 파일은 60만 시간 이상이다. 필름이 13만 롤, 테이프 24만 개 이상이고 라디오 파일은 71만 개 이상 구축돼 있다. 역사가 있는 만큼 한국 방송사 아카이브는 우리가 최대 규모 아닐까 한다."" 김 팀장은 아카이브 영상이 유튜브뿐 아니라 TV 프로그램 등으로도 많이 소개되길 바란다고 밝혔다. 타 방송 사례지만 SBS의 아카이브 토크쇼인 '선미네 비디오가게'와 같은 TV 프로그램을 인상 깊게 봤다고 했다. 김 팀장은 인터뷰 말미에도 아카이브를 향한 열정을 강하게 드러냈다. ""안타깝게도 1990년대 초기까지는 테이프 비용도 고가여서 방송 이후 재사용하기도 했고, 자료 보관에 대한 개념도 약했다. 그래서 90년대 이전 자료는 많지 않다. 혹시라도 아직 집에 옛날 KBS 방송을 녹화했던 테이프가 있다면 연락 바란다. 특히 쇼 오락드라마 같은 프로그램 녹화본은 더 환영한다.""정민경 기자[네이버 메인에서 미디어오늘 구독하기][네이버 TV에서 미디어오늘 바로가기]<Copyright ⓒ 미디어오늘. 무단전재 및 재배포 금지>",https://news.naver.com/main/read.nhn?mode=LSD&mid=sec&sid1=103&oid=006&aid=0000103162,,,,,,,
2020-06-23,MoneyToday,"최동석 KBS '뉴스9' 앵커, 건강 문제로 하차…후임은 박노원","[머니투데이 백지수 기자] 기존에 KBS '뉴스9'을 진행해 온 최동석 아나운서(왼쪽)와 후임 앵커 박노원 아나운서(오른쪽) /사진=KBS최동석 KBS 아나운서가 KBS 메인 뉴스인 '뉴스9' 앵커에서 하차한다고 지난 22일 밝혔다. 건강 악화가 이유다.KBS는 지난 22일 KBS '뉴스9' 남자 앵커를 현재 '뉴스7' 앵커를 맡고 있는 박노원 아나운서로 교체한다고 밝혔다. 메인 앵커인 여자 앵커는 현재의 이소정 기자가 그대로 맡는다.박 아나운서가 맡던 '뉴스7'의 남자 앵커 후임은 이규봉 아나운서가 담당하게 됐다고도 KBS는 밝혔다.최 아나운서는 이와 관련 자신의 SNS(사회관계망서비스)에 ""귀에 생긴 문제로 어지러움, 자가강청, 눈 떨림 등의 증상이 생겼다""며 ""쉬면서 안정을 하는 것이 좋겠다는 의사의 권유를 받고 잠시 병가를 내고 쉬려고 한다""고 밝혔다.그는 ""눈 떨림으로 인해 프롬프터가 잘 보이지 않아 상당 부분 원고를 외워야 하고 내 말소리에 어지럼증이 느껴져 내 퍼포먼스를 다할 수 없으니 쉬는 것이 맞다고 판단했다""고도 했다.최 아나운서는 ""9시 뉴스도 이번 주까지 진행할 예정""이라며 ""심려 끼쳐 죄송하고 쉬는 동안 몸 잘 추스르겠다""고 덧붙였다.최 아나운서는 2004년 KBS 30기 공채 아나운서로 입사해 지난해 11월부터 '뉴스9'을 진행해 왔다.백지수 기자 100jsb@mt.co.kr▶줄리아 투자노트▶조 변호사의 가정상담소 ▶머니투데이 구독하기 <저작권자 ⓒ '돈이 보이는 리얼타임 뉴스' 머니투데이, 무단전재 및 재배포 금지>",https://news.naver.com/main/read.nhn?mode=LSD&mid=sec&sid1=102&oid=008&aid=0004428940,,,,,,,
2020-06-24,더팩트,"KBS 대하극 '징비록' 타이틀 서체 쓴 진성영, 캘리그래피 책 출간","전남 진도에 칩거하며 시대의 아픔을 치열하게 주시한 작품들을 창작해 온 대한민국 캘리그래피 2호 명장 석산 진성영 작가가 생애 10번째 책을 펴냈다. 진씨는 KBS 대하 드라마 '징비록'의 타이틀 서체, SBS 드라마 '나쁜 남자' 타이틀 서체를 쓴 작가로도 유명하다./ 광주=박호재 기자대한민국 캘리그래피 2호 명장…진도에 칩거하며 시대의 아픔 치열하게 주시한 작품들 '눈길'[더팩트ㅣ광주=박호재 기자] 남도 서화의 본고장 전남 진도에 칩거하며 작품활동에 몰두하고 있는 대한민국 캘리그래피 2호 명장 석산 진성영(49) 작가가 책을 펴냈다.'말하는 글씨, 맛있는 글씨 7'라는 독특한 제호로 출간된 이번 책은 작가의 10번째 저작이다. 올 해로 작가 활동 12년차로 접어든 진 작가는 생애 첫 신간 '캘리그라피를 말하다' 실전서를 펴낸 이후 꾸준히 저술 활동에 매진해 왔다.이번 출간된 책 '말하는 글씨, 맛있는 글씨 7' 은 시대의 아픔을 껴안고 역사의 현장에 천착한 작가의 치열한 창작 혼이 담겨 있다.6년 전 비극의 바다를 마주한 세월호 참사 6주기 추모 작품, 5.18 광주민중항쟁 40주년 공식 슬로건 '기억하라! 오월정신, 꽃피어라! 대동세상'을 쓰기까지의 뒷얘기, 고 노무현 전 대통령 11주기 추모 작품, 코로나19 장기화속에서 국민들의 마음을 위로하고 응원하는 글씨 이야기 등을 흥미롭게 펼쳐낸다.섬을 배경으로 써낸 힐링 글씨, 살아가면서 놓치지 말아야 하는 처세와 좋은 글 등도 함께 선보이고 있다.고 황태영 수필가와 1년 넘게 캘리그래피 협업을 진행하던 중 2017년 11월 지병으로 별세함으로써 마무리하지 못한 아름다운 글과 애틋한 글씨 이야기도 함께 실려있다.진 작가는 ""이제 책을 펴내는 일은 저의 작품활동의 한 부분으로 자리를 잡았으며, 글씨에 대한 소중한 가치를 글로 표현하는 작업은 저의 글씨 철학을 한눈에 볼 수 있다는 점에서 행복하고 보람된 일이다"" 라고 출간의 의미를 밝혔다.진 작가는 지난 해 12월말 대한민국전통명장협회 주관으로 분야별 명장 선정 과정에서 캘리그래피 명장 제2호 인증을 받으면서 대한민국 대표 캘리그래피 작가로 발돋움하는 계기를 마련했다.진 씨의 대표작으로는 SBS 수목드라마 '나쁜남자' 타이틀 서체(2010), KBS 대하드라마 '징비록' 타이틀 서체(2015), '무등산 노무현길 표지석' 서체(2016), 5.18 광주민중항쟁 40주년 공식 슬로건 타이틀 서체(2020) 등 다양한 작품들이 있다.forthetrue@tf.co.kr- 더팩트 뮤직어워즈는 언제? [알림받기▶]  - 내 아이돌 응원하기 [팬앤스타▶]  저작권자 ⓒ 특종에 강한 더팩트 & tf.co.kr 무단 전재 및 재배포 금지",https://news.naver.com/main/read.nhn?mode=LSD&mid=sec&sid1=102&oid=629&aid=0000030538,,,,,,,
2020-06-23,연합뉴스,KBS 지역국 기능 총국 통합 추진…키 쥔 방통위 '장고',"지역단체 ""총국 중심 방송 우려"" vs KBS ""지속가능한 발전안""KBS 여의도 사옥[연합뉴스 자료사진]    (서울=연합뉴스) 이정현 채새롬 기자 = KBS의 지역방송 활성화 계획을 놓고 지역에서는 ""사실상 지역국 축소·폐지""라고 반발하지만 KBS는 ""지속가능한 발전 방안""이라고 설득하며 입장차가 좀처럼 좁혀지지 않고 있다.    결국 KBS의 계획안을 심사하는 방송통신위원회는 자료를 검토하고 보완을 요구하며 장고에 들어간 분위기다.     KBS는 앞서 지난달 6일 방통위에 'KBS 지역방송국 변경허가 및 사업계획 변경승인 신청서'를 제출했다. 1천억대 적자 속 진주, 포항, 안동, 목포, 순천, 충주, 원주 지역국의 TV 제작과 송출 기능을 총국에 통합하는 것이 골자로 해석된다. 이 내용은 오는 24일 KBS 이사회에 제출될 경영혁신안에도 포함될 것으로 보인다.    지역국은 즉각 반발했다. 총국 인력이 부족할 경우 지역 방송국 인력을 활용하는 등 총국 중심으로 지역국이 돌아갈 것을 우려하는 부분이 가장 크다.    소수 노조인 KBS노동조합은 성명을 통해 ""큰 효과가 없는데 시청자 반발을 무시해가면서 지역국 구조조정을 강행하는 이유는 도대체 무엇이냐""며 ""합리적 대답이 나오지 못한다면 현 정책을 포기하고 다른 대안을 찾으라""고 촉구하기도 했다.    공영방송 사안인 만큼 정치권에서도 관심을 갖는 분위기다.    김원이(더불어민주당), 박대출(미래통합당) 등 여야 의원 9명은 지난 17일 ""KBS 경영진은 방송의 주인인 국민에 반하고 지역시청자들의 권익을 해치는 지역방송국 축소 및 폐쇄 결정을 즉시 철회하라""고 성명을 낸 바 있다.    이들은 KBS가 만성 적자 문제를 지역방송국 폐쇄로 해결하려는 '고식지계(姑息之計)'를 택했다고 비판했다.    방통위를 향해서도 ""국민 수신료는 받게 하면서 지역 방송국 축소·폐지를 승인해주는 것은 방통위의 직무유기""라고 강조했다.    그러나 KBS는 지역국 축소·폐지는 사실이 아니며, 오히려 지역방송의 경쟁력을 높이기 위한 방안이라고 맞서며 방통위의 빠른 결정을 촉구하고 나섰다.    KBS는 23일 ""지역방송 활성화 계획은 지역국 폐쇄안이 아닌 지속가능한 지역방송 발전 방안""이라며 ""KBS는 견디기 힘든 구조적 위기에서 2018년부터 이 계획을 수립해왔다. 핵심은 자원을 집중해 지역의 편성·제작 자율권을 확대하고 지역 시청자를 위한 다양한 서비스를 제공하는 것""이라고 설명했다.    KBS는 그 근거로 지난 2월부터 '뉴스7'을 지역화해 40분 전체 편집권을 오롯이 지역에 넘겨준 점 등을 들었다.    KBS는 ""지역방송활성화 계획 수립 이후 지금까지 3년 동안 지역에 신규 배치한 인력은 158명으로 이전 3년 동안과 비교해 5배, 2012년부터 3년 동안보다는 배가 더 많다""며 ""지역국에 새로운 기능과 역할을 부여하기 위해서""라고 강조했다.    그러면서 ""앞으로도 라디오 방송을 지역에 더 밀착하고, 디지털 플랫폼과 연계해 지역 뉴스 도달률을 강화하는 동시에 지역 미디어교육도 활성화해 지역국을 '방송문화와 미디어교육 허브'로 육성할 것""이라고 설명했다.    과반 노조인 전국언론노동조합 KBS본부도 사측과 발걸음을 같이하고 있다. 이들은 이달 초 방통위를 방문해 지역 방송국 변경허가를 재차 요구하기도 했다.    키를 쥔 방통위는 서두르지 않고 KBS가 낸 계획안을 충분히 검토하겠다는 분위기다.    방통위 관계자는 ""지역방송이 개선돼야 한다는 목소리가 있다는 걸 알고 있어서 KBS 측에 보완을 하도록 하고 있다""며 ""심사위원들이 평가할 텐데 KBS가 주장하는 바가 맞는지, 기능 조정이 있을 때 지역에 제기되는 문제가 다양한데 그걸 완화하고 해결할 수 있는 방안을 마련하라고 한 상태""라고 말했다.    그는 ""수정 보완할 것이 많지 않을까 싶다. 언제 결정될지 알 수 없지만 연내에는 되지 않을까""라고 전망했다.    lisa@yna.co.kr▶코로나19 속보는 네이버 연합뉴스에서 [구독 클릭]▶[팩트체크] 한국은행이 5만원권 발행 중단?▶제보하기",https://news.naver.com/main/read.nhn?mode=LSD&mid=sec&sid1=102&oid=001&aid=0011696125,,,,,,,
2020-06-20,연합뉴스,n번방은 예견된 폭탄이었다…KBS '시사기획 창' 오늘 방송,"[KBS 제공. 재판매 및 DB 금지](서울=연합뉴스) 송은경 기자 = KBS 1TV '시사기획 창'은 20일 밤 방송 편에서 텔레그램에서 성 착취 영상물을 제작, 공유하는 'n번방' 사건의 배경을 추적한다.    특히 'n번방'이 특별한 사건이 아니라 언제 터져도 이상하지 않을 '예견된 폭탄'이라고 주장한다.    제작진에 따르면 디지털 성범죄는 기술의 발달과 이에 대한 적절한 규제가 부재한 상황에서 최근 10년간 급증했다.    그러나 '정보통신 기술 발달'이라는 거대한 명분 아래 범죄가 창궐하는 부작용은 묵인됐고, 이 과정에서 범죄자들에게 '그런 짓을 해도 된다'는 믿음을 심어주게 됐다.    제작진은 조주빈과 그 일당은 천재형 악마가 아니라고 주장하면서 이들에게 그래도 된다고 가르친 것은 사법부와 기득권, '우리 모두'였다고 주장한다.    방송은 'n번방' 사건을 계기로 우리 사회가 디지털 성범죄에 대한 인식을 바꿀 수 있을지 들여다본다.    오늘 밤 8시 5분 방송.    norae@yna.co.kr▶코로나19 속보는 네이버 연합뉴스에서 [구독 클릭]▶[팩트체크] 초등생 성폭행하고도 여자라서 무죄？▶제보하기",https://news.naver.com/main/read.nhn?mode=LSD&mid=sec&sid1=103&oid=001&aid=0011691420,,,,,,,
2020-06-22,연합뉴스,"KBS월드 라디오, 11개 언어로 된 한반도 전문 사이트 오픈","(서울=연합뉴스) 송은경 기자 = KBS월드 라디오가 한국전쟁 70주년을 맞아 남북관계 정보를 총망라하는 사이트를 운영한다.    22일 KBS에 따르면 '한반도 A to Z'는 남북 관계와 한반도 정세에 관한 폭넓은 정보를 담은 '한반도 전문 사이트'를 표방한다.    이 사이트는 한국어를 비롯해 영어, 일본어, 중국어, 프랑스어, 스페인어, 독일어, 베트남어, 인도네시아어, 러시아어, 아랍어 등 총 11개 언어로 돼 있으며, 6.25 전쟁사와 다양한 북한 관련 정보 및 최신뉴스를 제공한다.    정부의 협조를 받아 신뢰있고 정확한 자료를 담도록 했으며 KBS월드 라디오의 뉴스와 시사, 한반도 관련 특집 프로그램 콘텐츠 아카이브도 구성했다.    박천기 KBS 월드라디오 국장은 ""다국어 한반도 포털이 세계인에게 한반도 현안에 대한 공신력 있는 정보를 전달함으로써 남북 관계에 대한 한국인의 입장과 시각을 더 잘 이해할 수 있도록 하는 역할을 할 것으로 기대한다""고 밝혔다.[KBS월드 라디오 제공. 재판매 및 DB 금지]    norae@yna.co.kr▶코로나19 속보는 네이버 연합뉴스에서 [구독 클릭]▶[팩트체크] 한국은행이 5만원권 발행 중단?▶제보하기",https://news.naver.com/main/read.nhn?mode=LSD&mid=sec&sid1=103&oid=001&aid=0011693723,,,,,,,
2020-06-23,eTimesinternet Co,[부음]김종환(KBS 지역정책실 지역혁신부장)씨 부친상,"▲김필배씨 별세, 김종환(KBS 지역정책실 지역혁신부장)씨 부친상=22일 오후 11시, 전북대병원 장례식장 5호실, 발인 25일. (063)250-1439▶ 제3회 AI 차세대 컨택센터 컨퍼런스 2020▶ 네이버 홈에서 [전자신문] 구독하기 [Copyright ⓒ 전자신문 & 전자신문인터넷, 무단전재 및 재배포 금지]",https://news.naver.com/main/read.nhn?mode=LSD&mid=sec&sid1=105&oid=030&aid=0002889304,,,,,,,
2020-06-23,PRESSian,[부고] 김종환(KBS 지역정책실 지역혁신부장) 씨 부친상,"[(starwater2@daum.net)]▲김필배 씨 별세, 김종환(KBS 지역정책실 지역혁신부장) 씨 부친상 = 22일 오후 11시, 전북대학교병원 장례식장 5호실, 발인 25일 오전, 장지 익산 영모묘원. 063-250-1439[(starwater2@daum.net)]▶프레시안 CMS 정기후원▶네이버 프레시안 채널 구독 ▶프레시안 기사제보Copyrightsⓒ PRESSian.com 무단전재 및 재배포금지",https://news.naver.com/main/read.nhn?mode=LSD&mid=sec&sid1=102&oid=002&aid=0002139058,,,,,,,
2020-06-23,연합뉴스,[부고] 김종환(KBS 지역정책실 지역혁신부장)씨 부친상,"▲ 김필배 씨 별세, 김종환(KBS 지역정책실 지역혁신부장)씨 부친상 = 22일 오후 11시, 전북대학교병원 장례식장 5호실, 발인 25일, 장지 익산 영모묘원. ☎ 063-250-1439 (전주=연합뉴스)▶코로나19 속보는 네이버 연합뉴스에서 [구독 클릭]▶[팩트체크] 한국은행이 5만원권 발행 중단?▶제보하기",https://news.naver.com/main/read.nhn?mode=LSD&mid=sec&sid1=102&oid=001&aid=0011696508,,,,,,,
2020-06-23,financial news,[부고] 김종환(KBS 지역정책실 지역혁신부장)씨 부친상,"【파이낸셜뉴스 전주=김도우 기자】 ▲ 김필배 씨 별세, 김종환(KBS 지역정책실 지역혁신부장)씨 부친상 = 22일 오후 11시, 전북대학교병원 장례식장 5호실, 발인 25일, 장지 익산 영모묘원. ☎ 063-250-1439 ▶ 헉! 소리나는 스!토리 뉴스 [헉스]▶ '아는 척'하고 싶은 당신을 위한 [두유노우]  ※ 저작권자 ⓒ 파이낸셜뉴스. 무단 전재-재배포 금지",https://news.naver.com/main/read.nhn?mode=LSD&mid=sec&sid1=102&oid=014&aid=0004448246,,,,,,,
2020-06-24,세계닷컴,“코로나19 시대 공영성 강화”  KBS·MBC 뉴스프로 개편,"KBS1 심야뉴스 19개월 만에 부활 / ‘경제타임’ 관련 이슈 심층분석 제공 / MBC ‘뉴스데스크’ 시간대 늦춰 / 뉴스 시청수요 증가에 차별화 시도   KBS와 MBC가 오는 29일 일제히 뉴스 프로그램 개편에 나선다. 코로나19 시대 공영성을 강화하기 위한 차원이다.  KBS는 우선 KBS1 심야 뉴스인 ‘KBS 뉴스라인’을 1년 7개월 만에 부활한다. 뉴스제작1부장 등을 거친 이민우(사진) 기자가 앵커를 맡는다. 평일 오후 11시30분 방송된다.  메인 뉴스인 ‘뉴스 9’의 평일 남자 앵커는 최동석 아나운서에서 ‘뉴스 7’ 박노원 아나운서로 교체된다. ‘뉴스 7’은 이규봉 아나운서가 맡는다.  KBS2 ‘KBS 경제타임’은 경제 전문 프로그램 ‘통합뉴스룸 ET(Economy Today, Economy&Technology, Easy Talks, EnTrepreneurship)’로 확대 개편된다. ‘살면서 진짜 필요한 경제 지식의 전달’을 모토로 내걸고 코로나19 이후의 삶 전반에 걸쳐 소비자들이 주목해야 할 정보와 경제 이슈에 대한 심층 분석을 제공한다. 이윤희 기자와 박태원 아나운서가 진행하며 다음 달 6일부터 월~목요일 오후 5시50분 방송된다.  MBC는 메인 뉴스인 ‘뉴스데스크’ 평일 방송 시간대를 주말과 같은 오후 7시55분으로 늦춘다. 뉴스 형식과 내용의 차별화도 시도한다. 1부와 2부로 나눠 1부에서 그날의 중요한 뉴스를, 2부에선 심층 기획물을 다룬다. 또 ‘팩트의 무게’란 팩트 체크 코너를 신설한다.  MBC는 “가짜 뉴스와 허위 정보가 범람하는 시대에 공영방송 뉴스의 역할을 강화하고 코로나19 등 환경 변화로 인한 뉴스 시청 수요 증가와 시청자들 라이프 스타일 변화에 발 빠르게 대처해 타사와 차별화된 뉴스를 만들겠다”고 밝혔다.  아침 뉴스인 ‘뉴스투데이’도 새롭게 단장한다. 양윤경 기자와 김상호 아나운서가 진행을 맡는다.   박진영 기자ⓒ 세상을 보는 눈, 세계일보",https://news.naver.com/main/read.nhn?mode=LSD&mid=sec&sid1=103&oid=022&aid=0003477795,,,,,,,
2020-06-25,세계닷컴,"‘1000억 적자’ KBS, 대대적인 경영 혁신 나서나","연간 1000억원이란 사상 최대 적자 위기에 처한 KBS가 대대적인 경영 혁신을 준비 중이다.  24일 비공개로 열린 KBS 이사회에는 2020 경영혁신안이 제출됐다. 이 혁신안에는 단기 대책으로 섭외성 경비, 제작과 국외 여비 감축, 미니시리즈 라인업 재검토 등을 통한 비용 절감, 초대형 콘텐츠와 광고 마케팅, 공공 협찬, 큐레이션 콘텐츠 개발, 유휴 자산 매각을 통한 수입 확대가 포함된 것으로 알려졌다. 중장기 대책으로는 2023년까지 직원 1000명을 감원하는 내용도 있는 것으로 전해진다. 이 같은 대규모 인력 구조 조정이 추진될 경우 직원들의 거센 반발이 예상된다.   KBS는 또 노동조합과 임금 협상을 거쳐 성과급제와 성과평가시스템을 도입하고, 방송법 개정과 수신료 정상화 추진을 통한 재원 안정화 방안을 제시한 것으로 알려졌다.   광고 매출 급감 등 방송통신 환경 변화에 신종 코로나바이러스 감염증(코로나19) 사태가 터지면서 지상파 방송사들은 극심한 경영난을 겪고 있다. 코로나19 사태 장기화로 상황이 더 악화되면 올해 KBS의 사업손실은 1200억원에 달할 것으로 전망된다. KBS는 지난해 7월 이미 비상 경영 체제로 전환한 상태다.   박진영 기자 jyp@segye.comⓒ 세상을 보는 눈, 세계일보",https://news.naver.com/main/read.nhn?mode=LSD&mid=sec&sid1=103&oid=022&aid=0003478255,,,,,,,
2020-06-22,edaily,"KBS 출신 정필모, ‘가짜뉴스 포털 즉시 삭제법’ 발의..가짜뉴스 정의는?","가짜뉴스에 기만적 의도성, 사실 검증 배제 조건 달아정필모 ""두 조건으로 표현의 자유 침해 아냐""""모두 주관적 기준..포털 삭제 판단은 문제"" 지적도이명박 때  미네르바, 허위통신 혐의 무죄[이데일리 김현아 기자] 정필모 더불어민주당 의원(이데일리 DB)가짜뉴스(허위조작정보)를 포털 등 인터넷 기업이 즉시 삭제하지 않으면 3천만 원 이하의 과태료를 부과하는 법이 발의됐다. ‘가짜뉴스’에 대한 정의를 두고 논란이 큰 가운데, 해당 법안에서는 ‘허위조작정보’의 정의를 ▲기만적 의도성 ▲저널리즘 기능(사실 검증)이 배제된 정보라는 단서를 달았다.즉,  “허위조작정보”를 정보통신망을 통해 상업적 또는 정치적으로 정보를 매개로 타자를 속이려는 기만적 의도성을 가진 행위로 수용자가 허구임을 오인하도록 언론보도의 양식을 띤 정보 또는 사실검증이라는 저널리즘의 기능이 배제된 가운데 검증된 사실로 포장하는 행위‘로 정의한 것이다.하지만 기만적 의도성이나 사실 검증이 배제된 정보라는 게 주관적인 판단 기준에 따라 달라질 수 있어, 법으로 규제하는데 대한 논란이 잇따를 것으로 보인다.21대 국회에서 또 발의된 ‘가짜뉴스’방지법KBS 부사장 출신인 더불어민주당 정필모 국회의원은 가짜뉴스 확산 및 유통 방지 등을 위한 ‘허위조작정보(가짜뉴스)방지 3법’을 22일 대표 발의했다. 정보통신망법, 국가정보화기본법, 방송법 개정안이다.가장 중요한 법은 정보통신망법이다. 여기서는 허위조작정보의 유통차단을 위해 허위조작정보의 정의와 함께, 포털사이트와 SNS 사업자가 허위조작정보를 지체없이 삭제하도록 하는 의무규정을 신설했다. 네이버, 카카오 등이 가짜뉴스를 즉각 삭제하지 않으면 3천만 원 이하의 과태료를 받는다.국가정보화기본법은 국가기관과 지방자치단체가 국가정보화를 추진할 때 ‘허위조작정보의 유통방지’를 통해 이용자의 권익보호를 위한 시책을 마련하도록 하는 내용이다. 방송법 개정안은 시청자미디어재단의 활동목적에 미디어를 통한 허위조작정보의 유통에 따른 피해예방 사업을 추가하는 내용이다.소위 ‘가짜뉴스’ 방지법은 20대 국회에서도 발의됐지만 표현의 자유 위축 우려로 통과되지 못했다.가짜뉴스 통신 처벌 가능한가?..미네르바 사건인터넷 업계 관계자는 “정 의원 발의법은 2011년 미네르바 무죄판결을 계기로 헌법재판소가 이른바 ‘허위통신’을 처벌토록 한 전기통신사업법 47조1항에 대해 위헌 결정을 선고한 것과 배치된다”고 비판했다.이어 “허위조작정보 삭제여부를 누가 판단하느냐가 중요하다”며 “포털 같은 민간 기업에 판단해 알아서 삭제 여부를 정하라고 하는 것은 문제가 많다”고 부연했다.정필모 의원, 표현의 자유와 언론 자유 침해 아냐그러나 정필모 의원은 허위조작정보의 정의에 명백한 의도성과 사실 검증 없음을 넣었으니, 표현의 자유나 언론의 자유 침해는 아니라는 입장이다.정 의원은 “허위조작정보를 거짓정보에 의한 사실 검증 없이 언론보도 형태로 뉴스 소비자를 속이려는 명백한 의도성이 있는 것으로 정의해 표현의 자유와 언론의 자유가 침해되지 않도록 했다”고 설명했다.이어  “현행법으로는 허위조작정보 확산 피해에 대한 적절한 대응이 어렵다. 허위조작정보의 확대·재생산을 막기 위한 법제도적 장치가 필요하다”며 “정보통신서비스 제공자가 허위조작정보 유포차단에 적극적으로 나서고 피해예방사업과 미디어이용자 보호에 나설 수 있게 하는 것을 통해 허위조작정보를 근절하는 계기가 되길 기대한다”고 입법 취지를 설명했다.정 의원이 발의한 법안이 이명박 정부 때 있었다면, 미네르바는 법원에서 유죄 판결을 받았을까. 정 의원 법안이 국회 문턱을 넘으면 헌법재판소에서 합헌 결정을 받을 수 있을까. 21대 국회에서도 다시 ‘가짜뉴스’ 논쟁이 시작됐다.김현아 (chaos@edaily.co.kr)네이버에서 ‘이데일리’ 구독하기▶청춘뉘우스~ 스냅타임▶＜ⓒ종합 경제정보 미디어 이데일리 - 무단전재 & 재배포 금지＞",https://news.naver.com/main/read.nhn?mode=LSD&mid=sec&sid1=105&oid=018&aid=0004670712,,,,,,,
2020-06-22,세계닷컴,“귀에 생긴 문제로…” KBS ‘뉴스9’ 하차하는 최동석 앵커,"22일 인스타그램 통해 “귀 질환으로 어지러움, 자가강청, 눈떨림 등 증상 생겨”    KBS 최동석(사진) 아나운서가 메인 뉴스인 ‘뉴스9’ 앵커직에서 물러난다. 그는 사회관계망서비스(SNS)에 글을 올려 ‘건강상 이유’라며 하차 소식을 알렸다.   최 아나운서는 22일 자신의 인스타그램에 올린 글에서 “귀에 생긴 문제로 어지러움, 자가강청, 눈 떨림 등 증상이 생겼다”라며 휴식(병가)을 취하며 안정을 취해야 한다는 의사의 권유를 따르기로 했다고 밝혔다. 자가강청은 ‘자기 목소리가 크게 울려 들리는 증상’을 말한다.   그는 “눈 떨림으로 인해 프롬프터가 잘 보이지 않아 상당 부분 원고를 외워야 하고, 내 말소리에 어지럼증이 느껴져 내 퍼포먼스를 다할 수 없으니 쉬는 것이 맞다고 판단했다”면서 “‘뉴스9’도 이번 주까지만 진행할 예정”이라고 설명했다.   지난해 11월부터 ‘뉴스9’ 앵커로 활약해온 그는 건강상 문제로 7개월 만에 하차하게 됐다. 후임으로는 ‘뉴스7’을 진행했던 박노원 아나운서가 내정된 것으로 알려졌다.   KBS 역시 이날 “취재력과 뉴스 전달력이 검증된 중견 기자 등 새로운 앵커 인사를 단행했다”라며 “1TV는 오는 29일부터, 2TV는 7월6일부터 새로 단장한 프로그램과 앵커가 시청자를 찾아간다”고 개편 소식을 알렸다.   다음은 최 아나운서 인스타그램 게시글 전문.     활기찬 한주 시작하셨나요?    저는 지난주 병원에 다녀와서 진단서를 받았습니다.    귀에 생긴 문제로 어지러움과 자가강청, 안진(눈떨림) 등의 증상이 생겼습니다.    당분간 쉬면서 안정을 하는 것이 좋겠다는 의사 선생님의 권유를 받았고 잠시 병가를 내고 쉼을 가질까 합니다.    눈떨림으로 인해 프롬프터가 잘 보이지 않아 상당부분 원고를 외워야하고 제 말소리에 어지럼증이 느껴져 저의 퍼포먼스를 다할 수 없으니 쉬는 것이 맞다고 판단했습니다.    그래서 9시뉴스도 이번주까지 진행할 예정입니다.    심려 끼쳐 죄송하고 쉬는 동안 몸 잘 추스르겠습니다.    그동안 응원해주신 많은 분들 감사합니다    현화영 기자 hhy@segye.com 사진=KBSⓒ 세상을 보는 눈, 세계일보",https://news.naver.com/main/read.nhn?mode=LSD&mid=sec&sid1=103&oid=022&aid=0003477264,,,,,,,
2020-06-25,KBS,서아프리카 베냉 앞바다에서 한국인 5명 피랍,"[앵커] 서아프리카 베냉 앞바다에서 한국인 선원 5명이 괴한에 의해 피랍됐습니다. 정부는 즉각 비상대책반을 구성하고 한국인의 소재 파악 등에 나섰습니다. 최영윤 기자가 보도합니다. [리포트] 외교부는 현지시각 24일 오후 3시 40분, 한국시각으로 오늘 새벽 0시 40분 쯤 서아프리카 베냉 공화국 남쪽 111km 해상에서 우리국민 5명이 피랍됐다고 밝혔습니다. 납치된 선원들은  참치잡이 조업 중이던 990톤 급 가나국적 선박 파노피 프런티어 호에 타고 있었습니다. 이 선박에는 모두 30명의 선원이 승선 중이었고 이 가운데 우리 국민 5명과 가나 국민 한 명만 피랍된 것으로 확인됐습니다. 나머지 가나 국적 선원 24명은 파노피 프런티어 호를 타고 가나로 귀항 중인 것으로 알려졌습니다. 외교부는  현재 납치세력들의 신원과 소재 등은  파악되지 않고 있다고 설명했습니다. 현지 언론은 총을 든 괴한 여러 명이 스피드 보트를 타고 파노피 프런티어호를 공격했다고  보도했습니다. 괴한들은  한국인 5명 등 6명을 납치한 뒤 나이지리아 해역인 동쪽으로 도주했다고 전해졌습니다. 외교부는 즉각 현지 공관에 비상대책반을 구성했으며, 관계 기관, 주재국 당국과 긴밀한 공조를 통해 조속한 석방을 위해 노력하겠다고 밝혔습니다. KBS 뉴스 최영윤입니다.최영윤 기자 (freeyaw@kbs.co.kr)▶ ‘코로나19 팩트체크’ 제대로 알아야 이긴다▶ 우리 동네 무슨 일이? KBS지역뉴스▶ 더 빠르고 정확한 소식을 원하시면 KBS뉴스 구독!",https://news.naver.com/main/read.nhn?mode=LSD&mid=sec&sid1=100&oid=056&aid=0010858550,,,,,,,
2020-06-25,KBS,서아프리카 베냉 앞바다에서 한국인 5명 피랍,"[앵커] 서아프리카 베냉 앞바다에서 한국인 선원 5명이 괴한에 의해 피랍됐습니다. 정부는 즉각 비상대책반을 구성하고 한국인의 소재 파악 등에 나섰습니다. 최영윤 기자가 보도합니다.   [리포트] 외교부는 현지시각 24일 오후 3시 40분, 한국시각으로 오늘 새벽 0시 40분 쯤, 서아프리카 베냉 공화국 남쪽 111km 해상에서 우리국민 5명이 피랍됐다고 밝혔습니다. 납치된 선원들은  참치잡이 조업 중이던 990톤 급 가나국적 선박 파노피 프런티어 호에 타고 있었습니다. 이 선박에는 모두 30명의 선원이 승선 중이었고 이 가운데 우리 국민 5명과 가나 국민 한 명만 피랍된 것으로 확인됐습니다. 나머지 가나 국적 선원 24명은 파노피 프런티어 호를 타고 가나로 귀항 중인 것으로 알려졌습니다. 외교부는  현재 납치세력들의 신원과 소재 등은  파악되지 않고 있다고 설명했습니다. 현지 언론은 총을 든 괴한 여러 명이 스피드 보트를 타고 파노피 프런티어호를 공격했다고  보도했습니다. 괴한들은  한국인 5명 등 6명을 납치한 뒤 나이지리아 해역인 동쪽으로 도주했다고 전해졌습니다. 외교부는 즉각 현지 공관에 비상대책반을 구성했으며, 관계 기관, 주재국 당국과 긴밀한 공조를 통해 조속한 석방을 위해 노력하겠다고 밝혔습니다. KBS 뉴스 최영윤입니다.  최영윤 기자 (freeyaw@kbs.co.kr)▶ ‘코로나19 팩트체크’ 제대로 알아야 이긴다▶ 우리 동네 무슨 일이? KBS지역뉴스▶ 더 빠르고 정확한 소식을 원하시면 KBS뉴스 구독!",https://news.naver.com/main/read.nhn?mode=LSD&mid=sec&sid1=100&oid=056&aid=0010858696,,,,,,,
2020-06-25,KBS,‘검언 유착 의혹’ 한동훈 검사장 감찰 착수…전보 조치도,"[앵커] 이른바 '검언 유착 의혹' 사건과 관련해 법무부가 해당 의혹의 당사자인 한동훈 검사장에 대해 직접 감찰에 착수하기로 했습니다. 또 현재 부산고검 차장인 한 검사장을 법무연수원으로  전보 조치한다고 밝혔습니다. 최형원 기자의 보도입니다. [리포트] 여권 실세의 신라젠 연루  관련 정보를 캐기 위해 채널A 기자와  현직 검사장이 공모해 취재원을 압박했다는  이른바 검언 유착 의혹 사건. 법무부가 이 사건 당사자인 한동훈 검사장을 부산고검 차장검사에서 법무연수원 연구위원으로 전보조치 한다고 밝혔습니다. 한 검사장이 피의자 신분으로 검찰 조사를 받는 만큼 일선의 수사지휘 직무수행이 곤란한 점을 감안했다고 설명했습니다. 법무부는 또 한 검사장에 대해 직접 감찰에 착수하기로 했습니다. 사회적으로 이목이 집중된 사안이면서 검찰 자체의 감찰로는 공정성을 인정받기 어려울 경우 법무부가 직접 감찰을 할 수 있도록 한 규정을 근거로 들었습니다. 한 검사장은 지난 2월과 3월  신라젠 의혹을 취재하던 채널A 이모 기자가 유시민 노무현재단 이사장의 비리를 제보하라며 이철 전 밸류인베스트코리아 대표를 협박하는 데 공모했다는 의혹을 받고 있습니다. 서울중앙지검 형사1부는 이달 초 한 검사장을 강요 미수 피의자로 입건하고 휴대전화를 압수해 분석하는 한편 소환 조사를 검토 중입니다. 법무부의 직접 감찰과 전보 조치에 대해 한 검사장은 도저히 수긍하기 어려운 조치라면서도 어느 곳에서든 공직자로서 소임을 다하겠다는 입장을 밝혔습니다. 한 검사장은 또  ""편향되지 않은 공정한 수사가 이루어지기만 한다면 저의 무고함이 곧 확인될 것으로 생각하고, 끝까지 진실을 밝히겠다""고 덧붙였습니다. KBS 뉴스 최형원입니다.최형원 기자 (roediec@kbs.co.kr)▶ ‘코로나19 팩트체크’ 제대로 알아야 이긴다▶ 우리 동네 무슨 일이? KBS지역뉴스▶ 더 빠르고 정확한 소식을 원하시면 KBS뉴스 구독!",https://news.naver.com/main/read.nhn?mode=LSD&mid=sec&sid1=102&oid=056&aid=0010858710,,,,,,,
2020-06-25,조선일보,"연평도 근무한 아버지 따라… 박보검, 8월31일 해군 된다","문화홍보병 합격피아노 파트에 지원8월 31일 입대배우 박보검 / 블러썸 엔터테인먼트 배우 박보검(27)이 오는 8월 31일 '연예병'으로 해군에 입대한다.박보검의 소속사 블러썸 엔터테인먼트는 25일 보도자료를 통해 “박보검이 해군 문화홍보병에 합격했다”고 밝혔다. 이어 “입대 전까지 영화 ‘원더랜드’와 드라마 ‘청춘기록’ 촬영을 모두 마칠 계획”이라며 “건강하게 국방의 의무를 이행할 수 있도록 응원 부탁드린다”고 했다.해군 관계자에 따르면 박보검은 지난달 해군 군악·의장대대에 있는 해군홍보대 문화홍보병(피아노 파트)에 지원했다. 해군으로 연평도에 근무했던 아버지의 영향을 받아 지원한 것으로 알려졌다. 지난 1일에는 충남 계룡시 해군 본부에서 실기·면접을 치렀다.이날 합격에 따라 박보검은 오는 8월 31일 해군병 669기 교육과정에 입소할 예정이다. 명지대에서 뮤지컬을 전공한 박보검은 배우 데뷔 전 가수를 꿈꿨을 만큼 피아노와 노래 실력이 좋은 것으로 전해졌다. 박보검은 지난 3월에도 KBS '유희열의 스케치북'에서 가수 이승철 무대의 피아니스트로 등장해 수준급 건반 실력을 보였다.해군에서 가수, 드럼, 건반 등 문화홍보 특기를 가진 연예병은 각종 장병 위문공연과 군 관련 행사, 사회 불우시설 위문공연, 해군 행사 등의 직무를 수행한다.아래는 박보검의 소속사 블러썸 엔터테인먼트가 낸 입장문 전문.안녕하세요?블러썸 엔터테인먼트입니다.박보검 배우 군입대 관련한 안내 말씀드립니다.박보검 배우가 해군 문화 홍보병에 합격했으며, 이에 오는 2020년 8월 31일 입대 예정입니다.입대 전까지 영화 ‘원더랜드’와 드라마 ‘청춘기록’ 촬영을 모두 마칠 계획입니다.박보검 배우가 건강하게 국방의 의무를 이행할 수 있도록 응원 부탁드립니다.감사합니다.[서유근 기자 korea@chosun.com] ",,▶ 유용원 군사전문기자의 밀리터리시크릿 '밀톡' ,,▶ 과학이 이렇게 재밌을수가~ '사이언스카페' ,,▶ 조선일보 뉴스를 네이버에서 확인하세요,"- Copyrights ⓒ 조선일보 & chosun.com, 무단 전재 및 재배포 금지 -",https://news.naver.com/main/read.nhn?mode=LSD&mid=sec&sid1=102&oid=023&aid=0003541745
2020-06-25,조선일보,"인천공항 사태에 기름부은 靑 ""응시 희망자엔 오히려 큰 기회""","황덕순 일자리수석 ""지금 정규직 전환하는 일자리는 취준생들이 준비하던 것 아냐""/연합뉴스 황덕순〈사진〉 청와대 일자리수석은 24일 KBS 라디오에 출연해 인천국제공항공사 비정규직 보안검색원 1902명의 정규직 전환 논란과 관련, ""청년들의 일자리를 뺏는 게 아니고, 오히려 늘리기 위한 노력""이라며 ""(인천국제공항공사) 응시 희망자에겐 오히려 큰 기회가 열리는 것""이라고 말했다.황 수석은 ""청년 입장에선 열심히 취업을 준비하는데 갑자기 비정규직이 내가 가는 자리에 치고 들어오는 것 아니냐고 오해하는 것 같다""며 ""지금 정규직으로 전환하는 일자리는 취업 준비생들이 준비하던 정규직이 아니고, 기존 보안검색원들을 정규직으로 전환하는 것""이라고 했다.황 수석은 대규모 정규직 전환 때 그만큼 정규직을 못 뽑는 것 아니냐는 지적엔 ""우리 정부 들어와서 공공기관의 정규직 일자리가 거의 50% 이상 늘었다""고 했다. 이어 ""지금은 용역 회사 직원으로 일하던 분들이 정규직으로 전환되면 장기적으론 청년들이 갈 기회도 더 커질 것""이라고 했다. 특히 ""보안검색원 1902명 중 반은 (문재인 대통령이 정규직 전환 약속을 한) 2017년 5월 이후에 들어온 분들이라 공개 채용 절차를 거쳐야 한다""며 ""응시를 원하시는 분들은 사실 상당히 큰 기회가 열리는 것""이라고 했다.황 수석은 ""지금 청년들이 제기하는 문제는 채용 과정의 공정성인데, 다른 형태의 공정도 필요하다""며 ""인천공항 1만명의 비정규직이 그동안 공항을 위해 필수적인 일을 해왔는데 차별을 받는 것도 공정하지 않은 것""이라고 했다.하지만 올해 코로나 사태로 3200억원 적자가 예상되는 인천공항이 현재 정규직인 1400명보다 더 많은 1902명의 보안검색원을 한꺼번에 정규직으로 떠안게 됐는데 일자리를 더 늘릴 수 있다는 말은 황당하다는 지적이다. 보안검색원 노조 관계자도 ""정규직 전환 당사자들은 생사가 걸린 문제와 같은데, 응시를 원하는 사람들에게 기회가 열렸다고 하는 것은 불난 곳에 기름을 붓는 것과 같다""고 했다.한편 이번 사태와 관련해 '공기업 비정규직의 정규직화 그만해달라'는 청와대 국민청원은 지난 23일 처음 게시된 지 하루 만인 24일 청와대 답변 기준인 '청원 동의 인원 20만명'을 넘어섰다. 이에 따라 청와대는 공식 답변도 따로 내놔야 한다. 청원인은 ""이번 인천국제공항 (정규직) 전환은 정말 충격적""이라며 ""노력하는 이들의 자리를 뺏게 해주는 게 평등인가. 역차별이고 청년들에게 더 큰 불행""이라고 썼다.정의당도 이날 ""인천공항 정규직 노조와 비정규직 노조 모두가 거칠게 항의하고 있고 경영계는 날마다 정규직 전환이 청년의 취업 기회를 박탈한다며 비난을 쏟아내고 있다""며 ""정부의 무원칙과 공사의 졸속 처리 때문""이라고 비판했다. [안준용 기자 jahny@chosun.com] ",,▶ 유용원 군사전문기자의 밀리터리시크릿 '밀톡' ,,▶ 과학이 이렇게 재밌을수가~ '사이언스카페' ,,▶ 조선일보 뉴스를 네이버에서 확인하세요,"- Copyrights ⓒ 조선일보 & chosun.com, 무단 전재 및 재배포 금지 -",https://news.naver.com/main/read.nhn?mode=LSD&mid=sec&sid1=100&oid=023&aid=0003541561
2020-06-25,한경닷컴,"황덕순 靑 수석 ""인천공항 정규직 전환, 공사 취준생과 무관""","황 수석,tbs 라디오 '김어준의 뉴스공장' 출연""국민 생명·안전과 관련한 일자리는 안정돼야""황덕순 청와대 일자리수석 [사진=연합뉴스]보안검색요원 등 비정규직 직원 1902명을 직접 고용하기로 한 인천국제공항공사의 결정이 '정규직 직원의 자리를 뺏는 조치'라는 취업준비생들의 지적에 청와대가 사실과 다른 주장이라는 입장을 내놨다.황덕순 청와대 일자리수석은 25일 tbs 라디오 '김어준의 뉴스공장'에 출연해 ""비정규직 보안검색직원의 일자리를 정규직으로 전환하는 것""이라며 ""현재 공사에 취업을 준비하는 분들의 일자리와는 관련이 없다""고 말했다.황 수석은 ""이분들을 정규직으로 채용할 거라면 모두 신규로 채용하면 되지 않냐는 의견도 있으나, 일하던 분들이 갑자기 일자리를 잃고 나가야 하는 상황도 공정하지 않은 측면이 있다""고 밝혔다.문재인 대통령이 인천공항에 들러 '공공부문 비정규직 제로'를 약속한 2017년 5월을 기점으로 비정규직의 정규직 전환 기준이 다른 부분에 대한 설명도 이어졌다.황 수석은 ""5월 12일 이전에 들어온 분들은 인성검사나 적격심사 등을 거쳐 정규직으로 전환하지만 이후에 들어온 분들은 전환될 일자리임을 알고 들어와서 필기시험 등 공채 절차를 거친다""고 전했다.정규직 전환 대상 비정규직 중에서도 탈락자가 나올 수 있어 이에 반발하는 목소리도 있다는 게 황 수석의 설명이다.공항공사와 비정규직 노조가 2017년 12월에 정규직 전환 계획에 합의했는데도 이제야 그 합의가 이행되는 것을 두고서는 ""비정규직 직원의 용역계약이 모두 종료된 시점에서 일괄적으로 정규직 전환을 해야 했기 때문""이라고 말했다.황 수석은 일각에서 제기되는 채용의 공정성 문제와 관련, ""국민의 생명·안전과 관련한 일자리는 안정돼야 한다는 것이 기본 방향이었다""며 ""채용 과정의 공정성과 조금 다른 측면에서 노동시장의 공정성을 지향하는 과정이었다""고 강조했다.그러면서 ""(이번 문제가) 청년 취업의 어려움과 관련한 정부의 과제를 많이 던지고 있지만 (공정성과 관련해 제기되는 문제들은) 사실이 아니다""라고 덧붙였다.황 수석은 전날에도 비슷한 설명을 내놨다. 그는 24일 KBS 라디오 '주진우 라이브'에 출연해 ""이번에 전환하는 일자리는 소위 취업 준비생들이 준비하던 정규직 일자리가 아니고 이미 공항에서 보안검색(요원)으로 일하던 분들이 (정규직으로) 전환되는 것""이라고 말했다.황 수석은 ""이번 진행 과정에서 국민들, 특히 취업을 준비하는 청년분들이 보기에 상당히 자극적으로 받아들일 수 있는 오해 같은 것이 퍼진게 아닌가 싶다""며 ""우선 1900명을 정규직화 한다는 결정은 이번에 내려진 것이 아니고 2017년 12월 이미 정해져있던 사실""이라고 설명했다.이어 ""인천공항에는 2000명의 정규직과 1만명의 비정규직이 있었다""며 ""(그간) 세계 최고의 공항을 사실은 절대 다수의 비정규직을 통해 운영해왔던 것""이라고 설명했다.또 ""국민의 생명 및 안전과 관련이 있는 3000개의 업무는 직접 고용으로 전환을 하고 7000개는 아쉽지만 자회사를 통해서 전환하기로 결정을 했다""며 ""이번에 발표된 1900명의 경우엔 당시 이미 직접 고용을 하기로 결정돼 있던 생명안전업무의 일부""라고 밝혔다.강경주 한경닷컴 기자 qurasoha@hankyung.com▶ 네이버에서 한국경제 뉴스를 받아보세요▶ 한경닷컴 바로가기  ▶ 모바일한경 구독신청 ⓒ 한국경제 & hankyung.com, 무단전재 및 재배포 금지",https://news.naver.com/main/read.nhn?mode=LSD&mid=sec&sid1=100&oid=015&aid=0004367419,,,,,,,
